Statistics zeroed
Using out/.config...
Build con ccache (stats: ccache -s)
make[1]: se entra en el directorio '/home/rebelpilot89/manaus-kernel/out'
  GEN     Makefile
  REMOVE  arch/arm64/include/generated/asm/cpucaps.h arch/arm64/include/generated/asm/sysreg-defs.h - due to target is PHONY
  UPD     include/config/kernel.release
  UPD     include/generated/utsrelease.h
  GEN     arch/arm64/include/generated/asm/cpucaps.h - due to target missing
  GEN     arch/arm64/include/generated/asm/sysreg-defs.h - due to target missing
warning: ld does not support --fix-cortex-a53-843419; kernel may be susceptible to erratum
  CALL    ../scripts/atomic/check-atomics.sh - due to target missing
  CC      arch/arm64/kernel/asm-offsets.s - due to: arch/arm64/include/generated/asm/sysreg-defs.h
  CALL    ../scripts/checksyscalls.sh - due to target missing
  AS      arch/arm64/kernel/vdso/note.o - due to: arch/arm64/include/generated/asm/sysreg-defs.h
  AS      arch/arm64/kernel/vdso/sigreturn.o - due to: arch/arm64/include/generated/asm/sysreg-defs.h
  LD      arch/arm64/kernel/vdso/vdso.so.dbg - due to: arch/arm64/kernel/vdso/note.o arch/arm64/kernel/vdso/sigreturn.o
  VDSOSYM include/generated/vdso-offsets.h - due to: arch/arm64/kernel/vdso/vdso.so.dbg
make[1]: se sale del directorio '/home/rebelpilot89/manaus-kernel/out'
make[1]: se entra en el directorio '/home/rebelpilot89/manaus-kernel/out'
  GEN     Makefile
  REMOVE  arch/arm64/include/generated/asm/cpucaps.h arch/arm64/include/generated/asm/sysreg-defs.h - due to target is PHONY
  GEN     arch/arm64/include/generated/asm/cpucaps.h - due to target missing
  GEN     arch/arm64/include/generated/asm/sysreg-defs.h - due to target missing
warning: ld does not support --fix-cortex-a53-843419; kernel may be susceptible to erratum
  CALL    ../scripts/atomic/check-atomics.sh - due to target missing
  CC      arch/arm64/kernel/asm-offsets.s - due to: arch/arm64/include/generated/asm/sysreg-defs.h
  CALL    ../scripts/checksyscalls.sh - due to target missing
  AS      arch/arm64/kernel/vdso/note.o - due to: arch/arm64/include/generated/asm/sysreg-defs.h
  AS      arch/arm64/kernel/vdso/sigreturn.o - due to: arch/arm64/include/generated/asm/sysreg-defs.h
  LD      arch/arm64/kernel/vdso/vdso.so.dbg - due to: arch/arm64/kernel/vdso/note.o arch/arm64/kernel/vdso/sigreturn.o
  VDSOSYM include/generated/vdso-offsets.h - due to: arch/arm64/kernel/vdso/vdso.so.dbg
  CC      arch/arm64/net/bpf_jit_comp.o - due to: arch/arm64/include/generated/asm/sysreg-defs.h
  CC      init/main.o - due to: arch/arm64/include/generated/asm/sysreg-defs.h
  CC      arch/arm64/xen/../../arm/xen/enlighten.o - due to: arch/arm64/include/generated/asm/sysreg-defs.h
  CC      arch/arm64/mm/dma-mapping.o - due to: arch/arm64/include/generated/asm/sysreg-defs.h
  AS      arch/arm64/kernel/head.o - due to: arch/arm64/include/generated/asm/sysreg-defs.h
  CC      arch/arm64/kvm/hyp-constants.s - due to: arch/arm64/include/generated/asm/sysreg-defs.h
  AR      arch/arm64/net/built-in.a - due to: arch/arm64/net/bpf_jit_comp.o
  CC      arch/arm64/xen/../../arm/xen/grant-table.o - due to: arch/arm64/include/generated/asm/sysreg-defs.h
  CC      arch/arm64/mm/extable.o - due to: arch/arm64/include/generated/asm/sysreg-defs.h
  CHK     include/generated/compile.h
  CC      certs/system_keyring.o - due to: arch/arm64/include/generated/asm/sysreg-defs.h
  CC      arch/arm64/xen/../../arm/xen/p2m.o - due to: arch/arm64/include/generated/asm/sysreg-defs.h
  CC      init/do_mounts.o - due to: arch/arm64/include/generated/asm/sysreg-defs.h
  CC      arch/arm64/kernel/debug-monitors.o - due to: arch/arm64/include/generated/asm/sysreg-defs.h
  CC      arch/arm64/mm/fault.o - due to: arch/arm64/include/generated/asm/sysreg-defs.h
  CC      arch/arm64/kvm/hyp/vhe/timer-sr.o - due to: arch/arm64/include/generated/asm/sysreg-defs.h
  CC      certs/common.o - due to: arch/arm64/include/generated/asm/sysreg-defs.h
  CC      arch/arm64/xen/../../arm/xen/mm.o - due to: arch/arm64/include/generated/asm/sysreg-defs.h
  CC      init/do_mounts_rd.o - due to: arch/arm64/include/generated/asm/sysreg-defs.h
  CC      kernel/fork.o - due to: arch/arm64/include/generated/asm/sysreg-defs.h
  AS      arch/arm64/kernel/entry.o - due to: arch/arm64/include/generated/asm/sysreg-defs.h
  CC      arch/arm64/kvm/hyp/nvhe/timer-sr.nvhe.o - due to: arch/arm64/include/generated/asm/sysreg-defs.h
  CC      arch/arm64/kvm/hyp/vhe/sysreg-sr.o - due to: arch/arm64/include/generated/asm/sysreg-defs.h
  CC      arch/arm64/mm/init.o - due to: arch/arm64/include/generated/asm/sysreg-defs.h
  AR      certs/built-in.a - due to: certs/system_keyring.o certs/common.o
  CC      arch/arm64/gunyah/gunyah_hypercall.o - due to: arch/arm64/include/generated/asm/sysreg-defs.h
  AS      arch/arm64/xen/hypercall.o - due to: arch/arm64/include/generated/asm/sysreg-defs.h
  CC      init/do_mounts_initrd.o - due to: arch/arm64/include/generated/asm/sysreg-defs.h
  CC      arch/arm64/kernel/irq.o - due to: arch/arm64/include/generated/asm/sysreg-defs.h
  CC      kernel/exec_domain.o - due to: arch/arm64/include/generated/asm/sysreg-defs.h
  CC      arch/arm64/kvm/hyp/nvhe/sysreg-sr.nvhe.o - due to: arch/arm64/include/generated/asm/sysreg-defs.h
  CC      arch/arm64/kvm/hyp/vhe/debug-sr.o - due to: arch/arm64/include/generated/asm/sysreg-defs.h
  AS      arch/arm64/mm/cache.o - due to: arch/arm64/include/generated/asm/sysreg-defs.h
  AR      arch/arm64/xen/built-in.a - due to: arch/arm64/xen/../../arm/xen/enlighten.o arch/arm64/xen/../../arm/xen/grant-table.o arch/arm64/xen/../../arm/xen/p2m.o arch/arm64/xen/../../arm/xen/mm.o arch/arm64/xen/hypercall.o
  AR      arch/arm64/gunyah/built-in.a - due to: arch/arm64/gunyah/gunyah_hypercall.o
  CC      kernel/panic.o - due to: arch/arm64/include/generated/asm/sysreg-defs.h
  CC      init/initramfs.o - due to: arch/arm64/include/generated/asm/sysreg-defs.h
  CC      arch/arm64/kvm/hyp/nvhe/debug-sr.nvhe.o - due to: arch/arm64/include/generated/asm/sysreg-defs.h
  CC      arch/arm64/kernel/fpsimd.o - due to: arch/arm64/include/generated/asm/sysreg-defs.h
  CC      arch/arm64/kvm/hyp/vhe/switch.o - due to: arch/arm64/include/generated/asm/sysreg-defs.h
  CC      arch/arm64/kvm/hyp/pgtable.o - due to: arch/arm64/include/generated/asm/sysreg-defs.h
  CC      arch/arm64/mm/copypage.o - due to: arch/arm64/include/generated/asm/sysreg-defs.h
  CC      kernel/cpu.o - due to: arch/arm64/include/generated/asm/sysreg-defs.h
  CC      init/calibrate.o - due to: arch/arm64/include/generated/asm/sysreg-defs.h
  CC      arch/arm64/kvm/hyp/nvhe/switch.nvhe.o - due to: arch/arm64/include/generated/asm/sysreg-defs.h
  CC      arch/arm64/kernel/entry-common.o - due to: arch/arm64/include/generated/asm/sysreg-defs.h
  CC      arch/arm64/kvm/hyp/vhe/tlb.o - due to: arch/arm64/include/generated/asm/sysreg-defs.h
  CC      arch/arm64/mm/flush.o - due to: arch/arm64/include/generated/asm/sysreg-defs.h
  CC      arch/arm64/crypto/sha2-ce-glue.o - due to: arch/arm64/include/generated/asm/sysreg-defs.h
  CC      init/init_task.o - due to: arch/arm64/include/generated/asm/sysreg-defs.h
  CC      kernel/exit.o - due to: arch/arm64/include/generated/asm/sysreg-defs.h
  CC      arch/arm64/kvm/hyp/nvhe/tlb.nvhe.o - due to: arch/arm64/include/generated/asm/sysreg-defs.h
  CC      mm/filemap.o - due to: arch/arm64/include/generated/asm/sysreg-defs.h
  AS      arch/arm64/kernel/entry-fpsimd.o - due to: arch/arm64/include/generated/asm/sysreg-defs.h
  CC      arch/arm64/kvm/hyp/vhe/../vgic-v3-sr.o - due to: arch/arm64/include/generated/asm/sysreg-defs.h
  CC      arch/arm64/mm/ioremap.o - due to: arch/arm64/include/generated/asm/sysreg-defs.h
  AS      arch/arm64/crypto/sha2-ce-core.o - due to: arch/arm64/include/generated/asm/sysreg-defs.h
  CC      init/version.o - due to: arch/arm64/include/generated/asm/sysreg-defs.h include/generated/utsrelease.h
  AS      arch/arm64/kvm/hyp/nvhe/hyp-init.nvhe.o - due to: arch/arm64/include/generated/asm/sysreg-defs.h
  CC      kernel/softirq.o - due to: arch/arm64/include/generated/asm/sysreg-defs.h
  CC      mm/mempool.o - due to: arch/arm64/include/generated/asm/sysreg-defs.h
  CC      arch/arm64/kernel/process.o - due to: arch/arm64/include/generated/asm/sysreg-defs.h
  CC      arch/arm64/kvm/hyp/vhe/../aarch32.o - due to: arch/arm64/include/generated/asm/sysreg-defs.h
  CC      arch/arm64/mm/mmap.o - due to: arch/arm64/include/generated/asm/sysreg-defs.h
  AS      arch/arm64/crypto/aes-ce-core.o - due to: arch/arm64/include/generated/asm/sysreg-defs.h
  AS      arch/arm64/kvm/hyp/nvhe/host.nvhe.o - due to: arch/arm64/include/generated/asm/sysreg-defs.h
  CC      mm/oom_kill.o - due to: arch/arm64/include/generated/asm/sysreg-defs.h
  CC      kernel/resource.o - due to: arch/arm64/include/generated/asm/sysreg-defs.h
  CC      arch/arm64/kernel/ptrace.o - due to: arch/arm64/include/generated/asm/sysreg-defs.h
  CC      arch/arm64/kvm/hyp/vhe/../vgic-v2-cpuif-proxy.o - due to: arch/arm64/include/generated/asm/sysreg-defs.h
  CC      arch/arm64/mm/pgd.o - due to: arch/arm64/include/generated/asm/sysreg-defs.h
  CC      arch/arm64/crypto/aes-ce-glue.o - due to: arch/arm64/include/generated/asm/sysreg-defs.h
  CC      arch/arm64/kvm/hyp/nvhe/hyp-main.nvhe.o - due to: arch/arm64/include/generated/asm/sysreg-defs.h
  CC      kernel/sysctl.o - due to: arch/arm64/include/generated/asm/sysreg-defs.h
  CC      mm/fadvise.o - due to: arch/arm64/include/generated/asm/sysreg-defs.h
  AS      arch/arm64/kvm/hyp/vhe/../entry.o - due to: arch/arm64/include/generated/asm/sysreg-defs.h
  CC      arch/arm64/kernel/setup.o - due to: arch/arm64/include/generated/asm/sysreg-defs.h
  CC      arch/arm64/mm/mmu.o - due to: arch/arm64/include/generated/asm/sysreg-defs.h
  CC      arch/arm64/crypto/aes-glue-ce.o - due to: arch/arm64/include/generated/asm/sysreg-defs.h
  CC      arch/arm64/kvm/hyp/nvhe/hyp-smp.nvhe.o - due to: arch/arm64/include/generated/asm/sysreg-defs.h
  AS      arch/arm64/kvm/hyp/vhe/../fpsimd.o - due to: arch/arm64/include/generated/asm/sysreg-defs.h
  CC      mm/maccess.o - due to: arch/arm64/include/generated/asm/sysreg-defs.h
  CC      arch/arm64/kernel/signal.o - due to: arch/arm64/include/generated/asm/sysreg-defs.h include/generated/vdso-offsets.h
  CC      kernel/capability.o - due to: arch/arm64/include/generated/asm/sysreg-defs.h
  AR      init/built-in.a - due to: init/main.o init/version.o init/do_mounts.o init/do_mounts_rd.o init/do_mounts_initrd.o init/initramfs.o init/calibrate.o init/init_task.o
  CC      arch/arm64/mm/context.o - due to: arch/arm64/include/generated/asm/sysreg-defs.h
  AS      arch/arm64/crypto/aes-ce.o - due to: arch/arm64/include/generated/asm/sysreg-defs.h
  CC      arch/arm64/geniezone/vm.o - due to: arch/arm64/include/generated/asm/sysreg-defs.h
  CC      arch/arm64/kvm/hyp/nvhe/psci-relay.nvhe.o - due to: arch/arm64/include/generated/asm/sysreg-defs.h
  AS      arch/arm64/kvm/hyp/vhe/../hyp-entry.o - due to: arch/arm64/include/generated/asm/sysreg-defs.h
  CC      arch/arm64/kernel/sys.o - due to: arch/arm64/include/generated/asm/sysreg-defs.h
  CC      mm/page-writeback.o - due to: arch/arm64/include/generated/asm/sysreg-defs.h
  CC      kernel/ptrace.o - due to: arch/arm64/include/generated/asm/sysreg-defs.h
  AS      arch/arm64/mm/proc.o - due to: arch/arm64/include/generated/asm/sysreg-defs.h
  CC      arch/arm64/crypto/sha256-glue.o - due to: arch/arm64/include/generated/asm/sysreg-defs.h
  CC      arch/arm64/geniezone/vcpu.o - due to: arch/arm64/include/generated/asm/sysreg-defs.h
  CC      arch/arm64/kvm/hyp/nvhe/early_alloc.nvhe.o - due to: arch/arm64/include/generated/asm/sysreg-defs.h
  CC      arch/arm64/kvm/hyp/vhe/../exception.o - due to: arch/arm64/include/generated/asm/sysreg-defs.h
  CC      kernel/user.o - due to: arch/arm64/include/generated/asm/sysreg-defs.h
  CC      arch/arm64/kernel/stacktrace.o - due to: arch/arm64/include/generated/asm/sysreg-defs.h
  CC      mm/readahead.o - due to: arch/arm64/include/generated/asm/sysreg-defs.h
  CC      arch/arm64/mm/pageattr.o - due to: arch/arm64/include/generated/asm/sysreg-defs.h
  CC      arch/arm64/geniezone/vgic.o - due to: arch/arm64/include/generated/asm/sysreg-defs.h
  AS      arch/arm64/crypto/chacha-neon-core.o - due to: arch/arm64/include/generated/asm/sysreg-defs.h
  CC      arch/arm64/kvm/hyp/nvhe/page_alloc.nvhe.o - due to: arch/arm64/include/generated/asm/sysreg-defs.h
  AR      arch/arm64/kvm/hyp/vhe/built-in.a - due to: arch/arm64/kvm/hyp/vhe/timer-sr.o arch/arm64/kvm/hyp/vhe/sysreg-sr.o arch/arm64/kvm/hyp/vhe/debug-sr.o arch/arm64/kvm/hyp/vhe/switch.o arch/arm64/kvm/hyp/vhe/tlb.o arch/arm64/kvm/hyp/vhe/../vgic-v3-sr.o arch/arm64/kvm/hyp/vhe/../aarch32.o arch/arm64/kvm/hyp/vhe/../vgic-v2-cpuif-proxy.o arch/arm64/kvm/hyp/vhe/../entry.o arch/arm64/kvm/hyp/vhe/../fpsimd.o arch/arm64/kvm/hyp/vhe/../hyp-entry.o arch/arm64/kvm/hyp/vhe/../exception.o
  CC      arch/arm64/crypto/chacha-neon-glue.o - due to: arch/arm64/include/generated/asm/sysreg-defs.h
  CC      arch/arm64/kernel/time.o - due to: arch/arm64/include/generated/asm/sysreg-defs.h
  CC      kernel/signal.o - due to: arch/arm64/include/generated/asm/sysreg-defs.h
  CC      mm/swap.o - due to: arch/arm64/include/generated/asm/sysreg-defs.h
  CC      arch/arm64/mm/numa.o - due to: arch/arm64/include/generated/asm/sysreg-defs.h
  CC      arch/arm64/geniezone/gzvm_common.o - due to: arch/arm64/include/generated/asm/sysreg-defs.h
  AS      arch/arm64/kvm/hyp/nvhe/cache.nvhe.o - due to: arch/arm64/include/generated/asm/sysreg-defs.h
  CC      arch/arm64/kernel/traps.o - due to: arch/arm64/include/generated/asm/sysreg-defs.h
  CC      arch/arm64/crypto/poly1305-glue.o - due to: arch/arm64/include/generated/asm/sysreg-defs.h
  CC      arch/arm64/kernel/io.o - due to: arch/arm64/include/generated/asm/sysreg-defs.h
  CC      kernel/sys.o - due to: arch/arm64/include/generated/asm/sysreg-defs.h include/generated/utsrelease.h
  CC      mm/truncate.o - due to: arch/arm64/include/generated/asm/sysreg-defs.h
  CC      arch/arm64/mm/mteswap.o - due to: arch/arm64/include/generated/asm/sysreg-defs.h
  AR      arch/arm64/geniezone/built-in.a - due to: arch/arm64/geniezone/vm.o arch/arm64/geniezone/vcpu.o arch/arm64/geniezone/vgic.o arch/arm64/geniezone/gzvm_common.o
  CC      arch/arm64/kvm/hyp/nvhe/setup.nvhe.o - due to: arch/arm64/include/generated/asm/sysreg-defs.h
  AR      arch/arm64/crypto/built-in.a - due to: arch/arm64/crypto/sha2-ce-glue.o arch/arm64/crypto/sha2-ce-core.o arch/arm64/crypto/aes-ce-core.o arch/arm64/crypto/aes-ce-glue.o arch/arm64/crypto/aes-glue-ce.o arch/arm64/crypto/aes-ce.o arch/arm64/crypto/sha256-glue.o arch/arm64/crypto/chacha-neon-core.o arch/arm64/crypto/chacha-neon-glue.o arch/arm64/crypto/poly1305-glue.o
  CC      mm/vmscan.o - due to: arch/arm64/include/generated/asm/sysreg-defs.h
  CC      ipc/compat.o - due to: arch/arm64/include/generated/asm/sysreg-defs.h
  CC      arch/arm64/kernel/vdso.o - due to: arch/arm64/include/generated/asm/sysreg-defs.h include/generated/vdso-offsets.h
  CC      arch/arm64/mm/dma-mapping-noalias.o - due to: arch/arm64/include/generated/asm/sysreg-defs.h
  CC      arch/arm64/kvm/hyp/nvhe/mm.nvhe.o - due to: arch/arm64/include/generated/asm/sysreg-defs.h
  CC      fs/open.o - due to: arch/arm64/include/generated/asm/sysreg-defs.h
  CC      security/keys/gc.o - due to: arch/arm64/include/generated/asm/sysreg-defs.h
  CC      mm/shmem.o - due to: arch/arm64/include/generated/asm/sysreg-defs.h
  CC      ipc/util.o - due to: arch/arm64/include/generated/asm/sysreg-defs.h
  AS      arch/arm64/kernel/hyp-stub.o - due to: arch/arm64/include/generated/asm/sysreg-defs.h
  AR      arch/arm64/mm/built-in.a - due to: arch/arm64/mm/dma-mapping.o arch/arm64/mm/extable.o arch/arm64/mm/fault.o arch/arm64/mm/init.o arch/arm64/mm/cache.o arch/arm64/mm/copypage.o arch/arm64/mm/flush.o arch/arm64/mm/ioremap.o arch/arm64/mm/mmap.o arch/arm64/mm/pgd.o arch/arm64/mm/mmu.o arch/arm64/mm/context.o arch/arm64/mm/proc.o arch/arm64/mm/pageattr.o arch/arm64/mm/numa.o arch/arm64/mm/mteswap.o arch/arm64/mm/dma-mapping-noalias.o
  CC      fs/read_write.o - due to: arch/arm64/include/generated/asm/sysreg-defs.h
  CC      arch/arm64/kvm/hyp/nvhe/mem_protect.nvhe.o - due to: arch/arm64/include/generated/asm/sysreg-defs.h
  CC      kernel/umh.o - due to: arch/arm64/include/generated/asm/sysreg-defs.h
  CC      security/keys/key.o - due to: arch/arm64/include/generated/asm/sysreg-defs.h
  CC      mm/util.o - due to: arch/arm64/include/generated/asm/sysreg-defs.h
  CC      ipc/msgutil.o - due to: arch/arm64/include/generated/asm/sysreg-defs.h
  CC      arch/arm64/kernel/psci.o - due to: arch/arm64/include/generated/asm/sysreg-defs.h
  CC      fs/file_table.o - due to: arch/arm64/include/generated/asm/sysreg-defs.h
  CC      arch/arm64/kvm/hyp/nvhe/sys_regs.nvhe.o - due to: arch/arm64/include/generated/asm/sysreg-defs.h
  CC      fs/super.o - due to: arch/arm64/include/generated/asm/sysreg-defs.h
  CC      security/keys/keyring.o - due to: arch/arm64/include/generated/asm/sysreg-defs.h
  CC      ipc/msg.o - due to: arch/arm64/include/generated/asm/sysreg-defs.h
  CC      mm/mmzone.o - due to: arch/arm64/include/generated/asm/sysreg-defs.h
  CC      arch/arm64/kernel/cpu_ops.o - due to: arch/arm64/include/generated/asm/sysreg-defs.h
  CC      security/commoncap.o - due to: arch/arm64/include/generated/asm/sysreg-defs.h
  CC      security/keys/keyctl.o - due to: arch/arm64/include/generated/asm/sysreg-defs.h
  CC      arch/arm64/kvm/hyp/nvhe/pkvm.nvhe.o - due to: arch/arm64/include/generated/asm/sysreg-defs.h
  CC      fs/char_dev.o - due to: arch/arm64/include/generated/asm/sysreg-defs.h
  CC      arch/arm64/kernel/insn.o - due to: arch/arm64/include/generated/asm/sysreg-defs.h
  CC      mm/vmstat.o - due to: arch/arm64/include/generated/asm/sysreg-defs.h
  CC      ipc/sem.o - due to: arch/arm64/include/generated/asm/sysreg-defs.h
  CC      arch/arm64/kernel/return_address.o - due to: arch/arm64/include/generated/asm/sysreg-defs.h
  CC      arch/arm64/kvm/hyp/nvhe/stacktrace.nvhe.o - due to: arch/arm64/include/generated/asm/sysreg-defs.h
  CC      security/keys/permission.o - due to: arch/arm64/include/generated/asm/sysreg-defs.h
  CC      fs/stat.o - due to: arch/arm64/include/generated/asm/sysreg-defs.h
  CC      mm/backing-dev.o - due to: arch/arm64/include/generated/asm/sysreg-defs.h
  CC      ipc/shm.o - due to: arch/arm64/include/generated/asm/sysreg-defs.h
  CC      security/min_addr.o - due to: arch/arm64/include/generated/asm/sysreg-defs.h
  CC      arch/arm64/kernel/cpuinfo.o - due to: arch/arm64/include/generated/asm/sysreg-defs.h
  CC      arch/arm64/kvm/hyp/nvhe/ffa.nvhe.o - due to: arch/arm64/include/generated/asm/sysreg-defs.h
  CC      security/keys/process_keys.o - due to: arch/arm64/include/generated/asm/sysreg-defs.h
  CC      fs/exec.o - due to: arch/arm64/include/generated/asm/sysreg-defs.h
  CC      mm/mm_init.o - due to: arch/arm64/include/generated/asm/sysreg-defs.h
  CC      ipc/syscall.o - due to: arch/arm64/include/generated/asm/sysreg-defs.h
  CC      security/keys/request_key.o - due to: arch/arm64/include/generated/asm/sysreg-defs.h
  CC      arch/arm64/kernel/cpu_errata.o - due to: arch/arm64/include/generated/asm/sysreg-defs.h
  CC      arch/arm64/kvm/hyp/nvhe/iommu.nvhe.o - due to: arch/arm64/include/generated/asm/sysreg-defs.h
  CC      fs/pipe.o - due to: arch/arm64/include/generated/asm/sysreg-defs.h
  CC      kernel/workqueue.o - due to: arch/arm64/include/generated/asm/sysreg-defs.h
  CC      ipc/ipc_sysctl.o - due to: arch/arm64/include/generated/asm/sysreg-defs.h
  CC      mm/percpu.o - due to: arch/arm64/include/generated/asm/sysreg-defs.h
  CC      security/keys/request_key_auth.o - due to: arch/arm64/include/generated/asm/sysreg-defs.h
  CC      arch/arm64/kernel/cpufeature.o - due to: arch/arm64/include/generated/asm/sysreg-defs.h
  CC      fs/namei.o - due to: arch/arm64/include/generated/asm/sysreg-defs.h
  CC      arch/arm64/kvm/hyp/nvhe/serial.nvhe.o - due to: arch/arm64/include/generated/asm/sysreg-defs.h
  CC      ipc/mqueue.o - due to: arch/arm64/include/generated/asm/sysreg-defs.h
  CC      mm/slab_common.o - due to: arch/arm64/include/generated/asm/sysreg-defs.h
  CC      security/keys/user_defined.o - due to: arch/arm64/include/generated/asm/sysreg-defs.h
  CC      arch/arm64/kernel/alternative.o - due to: arch/arm64/include/generated/asm/sysreg-defs.h
  CC      arch/arm64/kvm/hyp/nvhe/../vgic-v3-sr.nvhe.o - due to: arch/arm64/include/generated/asm/sysreg-defs.h
  CC      fs/fcntl.o - due to: arch/arm64/include/generated/asm/sysreg-defs.h
  CC      ipc/namespace.o - due to: arch/arm64/include/generated/asm/sysreg-defs.h
  CC      mm/compaction.o - due to: arch/arm64/include/generated/asm/sysreg-defs.h
  CC      security/keys/compat.o - due to: arch/arm64/include/generated/asm/sysreg-defs.h
  CC      arch/arm64/kernel/cacheinfo.o - due to: arch/arm64/include/generated/asm/sysreg-defs.h
  CC      arch/arm64/kvm/hyp/nvhe/../aarch32.nvhe.o - due to: arch/arm64/include/generated/asm/sysreg-defs.h
  CC      fs/ioctl.o - due to: arch/arm64/include/generated/asm/sysreg-defs.h
  CC      kernel/pid.o - due to: arch/arm64/include/generated/asm/sysreg-defs.h
  CC      ipc/mq_sysctl.o - due to: arch/arm64/include/generated/asm/sysreg-defs.h
  CC      mm/vmacache.o - due to: arch/arm64/include/generated/asm/sysreg-defs.h
  CC      security/keys/proc.o - due to: arch/arm64/include/generated/asm/sysreg-defs.h
  CC      arch/arm64/kernel/smp.o - due to: arch/arm64/include/generated/asm/sysreg-defs.h
  CC      arch/arm64/kvm/hyp/nvhe/../vgic-v2-cpuif-proxy.nvhe.o - due to: arch/arm64/include/generated/asm/sysreg-defs.h
  CC      fs/readdir.o - due to: arch/arm64/include/generated/asm/sysreg-defs.h
  CC      kernel/task_work.o - due to: arch/arm64/include/generated/asm/sysreg-defs.h
  AR      ipc/built-in.a - due to: ipc/compat.o ipc/util.o ipc/msgutil.o ipc/msg.o ipc/sem.o ipc/shm.o ipc/syscall.o ipc/ipc_sysctl.o ipc/mqueue.o ipc/namespace.o ipc/mq_sysctl.o
  CC      security/security.o - due to: arch/arm64/include/generated/asm/sysreg-defs.h
  CC      mm/interval_tree.o - due to: arch/arm64/include/generated/asm/sysreg-defs.h
  CC      security/keys/sysctl.o - due to: arch/arm64/include/generated/asm/sysreg-defs.h
  CC      arch/arm64/kernel/smp_spin_table.o - due to: arch/arm64/include/generated/asm/sysreg-defs.h
  AS      arch/arm64/kvm/hyp/nvhe/../entry.nvhe.o - due to: arch/arm64/include/generated/asm/sysreg-defs.h
  CC      fs/select.o - due to: arch/arm64/include/generated/asm/sysreg-defs.h
  CC      kernel/extable.o - due to: arch/arm64/include/generated/asm/sysreg-defs.h
  CC      arch/arm64/kernel/topology.o - due to: arch/arm64/include/generated/asm/sysreg-defs.h
  CC      security/keys/keyctl_pkey.o - due to: arch/arm64/include/generated/asm/sysreg-defs.h
  CC      mm/list_lru.o - due to: arch/arm64/include/generated/asm/sysreg-defs.h
  CC      crypto/api.o - due to: arch/arm64/include/generated/asm/sysreg-defs.h
  CC      mm/workingset.o - due to: arch/arm64/include/generated/asm/sysreg-defs.h
  AS      arch/arm64/kvm/hyp/nvhe/../fpsimd.nvhe.o - due to: arch/arm64/include/generated/asm/sysreg-defs.h
  CC      fs/dcache.o - due to: arch/arm64/include/generated/asm/sysreg-defs.h
  CC      kernel/params.o - due to: arch/arm64/include/generated/asm/sysreg-defs.h
  AS      arch/arm64/kernel/smccc-call.o - due to: arch/arm64/include/generated/asm/sysreg-defs.h
  AR      security/keys/built-in.a - due to: security/keys/gc.o security/keys/key.o security/keys/keyring.o security/keys/keyctl.o security/keys/permission.o security/keys/process_keys.o security/keys/request_key.o security/keys/request_key_auth.o security/keys/user_defined.o security/keys/compat.o security/keys/proc.o security/keys/sysctl.o security/keys/keyctl_pkey.o
  CC      crypto/cipher.o - due to: arch/arm64/include/generated/asm/sysreg-defs.h
  CC      security/inode.o - due to: arch/arm64/include/generated/asm/sysreg-defs.h
  CC      kernel/kthread.o - due to: arch/arm64/include/generated/asm/sysreg-defs.h
  AS      arch/arm64/kvm/hyp/nvhe/../hyp-entry.nvhe.o - due to: arch/arm64/include/generated/asm/sysreg-defs.h
  CC      mm/debug.o - due to: arch/arm64/include/generated/asm/sysreg-defs.h
  CC      arch/arm64/kernel/syscall.o - due to: arch/arm64/include/generated/asm/sysreg-defs.h
  CC      fs/inode.o - due to: arch/arm64/include/generated/asm/sysreg-defs.h
  CC      crypto/compress.o - due to: arch/arm64/include/generated/asm/sysreg-defs.h
  CC      kernel/sys_ni.o - due to: arch/arm64/include/generated/asm/sysreg-defs.h
  CC      arch/arm64/kvm/hyp/nvhe/../exception.nvhe.o - due to: arch/arm64/include/generated/asm/sysreg-defs.h
  CC      mm/gup.o - due to: arch/arm64/include/generated/asm/sysreg-defs.h
  CC      security/selinux/avc.o - due to: arch/arm64/include/generated/asm/sysreg-defs.h
  CC      block/bio.o - due to: arch/arm64/include/generated/asm/sysreg-defs.h
  CC      fs/attr.o - due to: arch/arm64/include/generated/asm/sysreg-defs.h
  CC      arch/arm64/kernel/proton-pack.o - due to: arch/arm64/include/generated/asm/sysreg-defs.h
  CC      kernel/nsproxy.o - due to: arch/arm64/include/generated/asm/sysreg-defs.h
  CC      crypto/algapi.o - due to: arch/arm64/include/generated/asm/sysreg-defs.h
  CC      arch/arm64/kvm/hyp/nvhe/../pgtable.nvhe.o - due to: arch/arm64/include/generated/asm/sysreg-defs.h
  CC      mm/highmem.o - due to: arch/arm64/include/generated/asm/sysreg-defs.h
  CC      security/selinux/hooks.o - due to: arch/arm64/include/generated/asm/sysreg-defs.h
  CC      block/elevator.o - due to: arch/arm64/include/generated/asm/sysreg-defs.h
  CC      arch/arm64/kernel/idreg-override.o - due to: arch/arm64/include/generated/asm/sysreg-defs.h
  CC      fs/bad_inode.o - due to: arch/arm64/include/generated/asm/sysreg-defs.h
  CC      crypto/scatterwalk.o - due to: arch/arm64/include/generated/asm/sysreg-defs.h
  CC      kernel/notifier.o - due to: arch/arm64/include/generated/asm/sysreg-defs.h
  CC      arch/arm64/kvm/hyp/nvhe/clock.nvhe.o - due to: arch/arm64/include/generated/asm/sysreg-defs.h
  CC      mm/memory.o - due to: arch/arm64/include/generated/asm/sysreg-defs.h
  CC      security/selinux/selinuxfs.o - due to: arch/arm64/include/generated/asm/sysreg-defs.h
  CC      block/blk-core.o - due to: arch/arm64/include/generated/asm/sysreg-defs.h
  CC      arch/arm64/kernel/sys32.o - due to: arch/arm64/include/generated/asm/sysreg-defs.h
  CC      fs/file.o - due to: arch/arm64/include/generated/asm/sysreg-defs.h
  CC      crypto/proc.o - due to: arch/arm64/include/generated/asm/sysreg-defs.h
  CC      kernel/ksysfs.o - due to: arch/arm64/include/generated/asm/sysreg-defs.h
  CC      arch/arm64/kvm/hyp/nvhe/events.nvhe.o - due to: arch/arm64/include/generated/asm/sysreg-defs.h
  CC      mm/mincore.o - due to: arch/arm64/include/generated/asm/sysreg-defs.h
  CC      security/selinux/netlink.o - due to: arch/arm64/include/generated/asm/sysreg-defs.h
  CC      block/blk-sysfs.o - due to: arch/arm64/include/generated/asm/sysreg-defs.h
  CC      fs/filesystems.o - due to: arch/arm64/include/generated/asm/sysreg-defs.h
  CC      arch/arm64/kernel/signal32.o - due to: arch/arm64/include/generated/asm/sysreg-defs.h include/generated/vdso-offsets.h
  CC      crypto/aead.o - due to: arch/arm64/include/generated/asm/sysreg-defs.h
  CC      kernel/cred.o - due to: arch/arm64/include/generated/asm/sysreg-defs.h
  CC      arch/arm64/kvm/hyp/nvhe/trace.nvhe.o - due to: arch/arm64/include/generated/asm/sysreg-defs.h
  CC      mm/mlock.o - due to: arch/arm64/include/generated/asm/sysreg-defs.h
  CC      security/selinux/nlmsgtab.o - due to: arch/arm64/include/generated/asm/sysreg-defs.h
  CC      block/blk-flush.o - due to: arch/arm64/include/generated/asm/sysreg-defs.h
  CC      fs/namespace.o - due to: arch/arm64/include/generated/asm/sysreg-defs.h
  CC      arch/arm64/kernel/sys_compat.o - due to: arch/arm64/include/generated/asm/sysreg-defs.h
  CC      crypto/geniv.o - due to: arch/arm64/include/generated/asm/sysreg-defs.h
  CC      kernel/reboot.o - due to: arch/arm64/include/generated/asm/sysreg-defs.h
  CC      arch/arm64/kvm/hyp/nvhe/modules.nvhe.o - due to: arch/arm64/include/generated/asm/sysreg-defs.h
  CC      mm/mmap.o - due to: arch/arm64/include/generated/asm/sysreg-defs.h
  CC      security/selinux/netif.o - due to: arch/arm64/include/generated/asm/sysreg-defs.h
  CC      block/blk-settings.o - due to: arch/arm64/include/generated/asm/sysreg-defs.h
  CC      fs/seq_file.o - due to: arch/arm64/include/generated/asm/sysreg-defs.h
  CC      arch/arm64/kernel/module.o - due to: arch/arm64/include/generated/asm/sysreg-defs.h
  CC      crypto/skcipher.o - due to: arch/arm64/include/generated/asm/sysreg-defs.h
  AS      arch/arm64/kvm/hyp/nvhe/../../../lib/clear_page.nvhe.o - due to: arch/arm64/include/generated/asm/sysreg-defs.h
  CC      kernel/async.o - due to: arch/arm64/include/generated/asm/sysreg-defs.h
  CC      mm/mmu_gather.o - due to: arch/arm64/include/generated/asm/sysreg-defs.h
  CC      security/selinux/netnode.o - due to: arch/arm64/include/generated/asm/sysreg-defs.h
  CC      block/blk-ioc.o - due to: arch/arm64/include/generated/asm/sysreg-defs.h
  CC      fs/xattr.o - due to: arch/arm64/include/generated/asm/sysreg-defs.h
  CC      arch/arm64/kernel/module-plts.o - due to: arch/arm64/include/generated/asm/sysreg-defs.h
  CC      crypto/seqiv.o - due to: arch/arm64/include/generated/asm/sysreg-defs.h
  AS      arch/arm64/kvm/hyp/nvhe/../../../lib/copy_page.nvhe.o - due to: arch/arm64/include/generated/asm/sysreg-defs.h
  CC      kernel/smpboot.o - due to: arch/arm64/include/generated/asm/sysreg-defs.h
  CC      mm/mprotect.o - due to: arch/arm64/include/generated/asm/sysreg-defs.h
  CC      security/selinux/netport.o - due to: arch/arm64/include/generated/asm/sysreg-defs.h
  CC      block/blk-map.o - due to: arch/arm64/include/generated/asm/sysreg-defs.h
  CC      arch/arm64/kernel/perf_regs.o - due to: arch/arm64/include/generated/asm/sysreg-defs.h
  CC      fs/libfs.o - due to: arch/arm64/include/generated/asm/sysreg-defs.h
  CC      crypto/echainiv.o - due to: arch/arm64/include/generated/asm/sysreg-defs.h
  AS      arch/arm64/kvm/hyp/nvhe/../../../lib/memcpy.nvhe.o - due to: arch/arm64/include/generated/asm/sysreg-defs.h
  CC      kernel/ucount.o - due to: arch/arm64/include/generated/asm/sysreg-defs.h
  CC      mm/mremap.o - due to: arch/arm64/include/generated/asm/sysreg-defs.h
  CC      security/selinux/status.o - due to: arch/arm64/include/generated/asm/sysreg-defs.h
  CC      block/blk-exec.o - due to: arch/arm64/include/generated/asm/sysreg-defs.h
  CC      arch/arm64/kernel/perf_callchain.o - due to: arch/arm64/include/generated/asm/sysreg-defs.h
/tmp/memcpy-cf89e9.s:1212:1: warning: memcpy changed binding to STB_WEAK
.weak memcpy
^
  AS      arch/arm64/kvm/hyp/nvhe/../../../lib/memset.nvhe.o - due to: arch/arm64/include/generated/asm/sysreg-defs.h
  CC      fs/fs-writeback.o - due to: arch/arm64/include/generated/asm/sysreg-defs.h
  CC      crypto/ahash.o - due to: arch/arm64/include/generated/asm/sysreg-defs.h
  CC      kernel/regset.o - due to: arch/arm64/include/generated/asm/sysreg-defs.h
  CC      mm/msync.o - due to: arch/arm64/include/generated/asm/sysreg-defs.h
  CC      security/selinux/ss/ebitmap.o - due to: arch/arm64/include/generated/asm/sysreg-defs.h
  CC      block/blk-merge.o - due to: arch/arm64/include/generated/asm/sysreg-defs.h
  CC      arch/arm64/kernel/perf_event.o - due to: arch/arm64/include/generated/asm/sysreg-defs.h
  LD      arch/arm64/kvm/hyp/nvhe/kvm_nvhe.tmp.o - due to: arch/arm64/kvm/hyp/nvhe/timer-sr.nvhe.o arch/arm64/kvm/hyp/nvhe/sysreg-sr.nvhe.o arch/arm64/kvm/hyp/nvhe/debug-sr.nvhe.o arch/arm64/kvm/hyp/nvhe/switch.nvhe.o arch/arm64/kvm/hyp/nvhe/tlb.nvhe.o arch/arm64/kvm/hyp/nvhe/hyp-init.nvhe.o arch/arm64/kvm/hyp/nvhe/host.nvhe.o arch/arm64/kvm/hyp/nvhe/hyp-main.nvhe.o arch/arm64/kvm/hyp/nvhe/hyp-smp.nvhe.o arch/arm64/kvm/hyp/nvhe/psci-relay.nvhe.o arch/arm64/kvm/hyp/nvhe/early_alloc.nvhe.o arch/arm64/kvm/hyp/nvhe/page_alloc.nvhe.o arch/arm64/kvm/hyp/nvhe/cache.nvhe.o arch/arm64/kvm/hyp/nvhe/setup.nvhe.o arch/arm64/kvm/hyp/nvhe/mm.nvhe.o arch/arm64/kvm/hyp/nvhe/mem_protect.nvhe.o arch/arm64/kvm/hyp/nvhe/sys_regs.nvhe.o arch/arm64/kvm/hyp/nvhe/pkvm.nvhe.o arch/arm64/kvm/hyp/nvhe/stacktrace.nvhe.o arch/arm64/kvm/hyp/nvhe/ffa.nvhe.o arch/arm64/kvm/hyp/nvhe/iommu.nvhe.o arch/arm64/kvm/hyp/nvhe/serial.nvhe.o arch/arm64/kvm/hyp/nvhe/../vgic-v3-sr.nvhe.o arch/arm64/kvm/hyp/nvhe/../aarch32.nvhe.o arch/arm64/kvm/hyp/nvhe/../vgic-v2-cpuif-proxy.nvhe.o arch/arm64/kvm/hyp/nvhe/../entry.nvhe.o arch/arm64/kvm/hyp/nvhe/../fpsimd.nvhe.o arch/arm64/kvm/hyp/nvhe/../hyp-entry.nvhe.o arch/arm64/kvm/hyp/nvhe/../exception.nvhe.o arch/arm64/kvm/hyp/nvhe/../pgtable.nvhe.o arch/arm64/kvm/hyp/nvhe/clock.nvhe.o arch/arm64/kvm/hyp/nvhe/events.nvhe.o arch/arm64/kvm/hyp/nvhe/trace.nvhe.o arch/arm64/kvm/hyp/nvhe/modules.nvhe.o arch/arm64/kvm/hyp/nvhe/../../../lib/clear_page.nvhe.o arch/arm64/kvm/hyp/nvhe/../../../lib/copy_page.nvhe.o arch/arm64/kvm/hyp/nvhe/../../../lib/memcpy.nvhe.o arch/arm64/kvm/hyp/nvhe/../../../lib/memset.nvhe.o
  CC      fs/pnode.o - due to: arch/arm64/include/generated/asm/sysreg-defs.h
  CC      crypto/shash.o - due to: arch/arm64/include/generated/asm/sysreg-defs.h
  CC      kernel/kmod.o - due to: arch/arm64/include/generated/asm/sysreg-defs.h
  HYPREL  arch/arm64/kvm/hyp/nvhe/hyp-reloc.S - due to: arch/arm64/kvm/hyp/nvhe/kvm_nvhe.tmp.o
  AS      arch/arm64/kvm/hyp/nvhe/hyp-reloc.o - due to: arch/arm64/kvm/hyp/nvhe/hyp-reloc.S
  CC      mm/page_vma_mapped.o - due to: arch/arm64/include/generated/asm/sysreg-defs.h
  CC      security/selinux/ss/hashtab.o - due to: arch/arm64/include/generated/asm/sysreg-defs.h
  CC      block/blk-timeout.o - due to: arch/arm64/include/generated/asm/sysreg-defs.h
  CC      arch/arm64/kernel/hw_breakpoint.o - due to: arch/arm64/include/generated/asm/sysreg-defs.h
  CC      fs/splice.o - due to: arch/arm64/include/generated/asm/sysreg-defs.h
  CC      crypto/akcipher.o - due to: arch/arm64/include/generated/asm/sysreg-defs.h
  LD      arch/arm64/kvm/hyp/nvhe/kvm_nvhe.rel.o - due to: arch/arm64/kvm/hyp/nvhe/kvm_nvhe.tmp.o arch/arm64/kvm/hyp/nvhe/hyp-reloc.o
  CC      kernel/groups.o - due to: arch/arm64/include/generated/asm/sysreg-defs.h
  HYPCOPY arch/arm64/kvm/hyp/nvhe/kvm_nvhe.o - due to: arch/arm64/kvm/hyp/nvhe/kvm_nvhe.rel.o
  CC      mm/pagewalk.o - due to: arch/arm64/include/generated/asm/sysreg-defs.h
  AR      arch/arm64/kvm/hyp/nvhe/built-in.a - due to: arch/arm64/kvm/hyp/nvhe/kvm_nvhe.o
  AR      arch/arm64/kvm/hyp/built-in.a - due to: arch/arm64/kvm/hyp/vhe/built-in.a arch/arm64/kvm/hyp/nvhe/built-in.a arch/arm64/kvm/hyp/pgtable.o
  CC      arch/arm64/kvm/../../../virt/kvm/kvm_main.o - due to: arch/arm64/include/generated/asm/sysreg-defs.h
  CC      security/selinux/ss/symtab.o - due to: arch/arm64/include/generated/asm/sysreg-defs.h
  CC      block/blk-lib.o - due to: arch/arm64/include/generated/asm/sysreg-defs.h
  AS      arch/arm64/kernel/sleep.o - due to: arch/arm64/include/generated/asm/sysreg-defs.h
  CC      fs/sync.o - due to: arch/arm64/include/generated/asm/sysreg-defs.h
  CC      crypto/kpp.o - due to: arch/arm64/include/generated/asm/sysreg-defs.h
  CC      mm/pgtable-generic.o - due to: arch/arm64/include/generated/asm/sysreg-defs.h
  CC      arch/arm64/kvm/../../../virt/kvm/eventfd.o - due to: arch/arm64/include/generated/asm/sysreg-defs.h
  CC      security/selinux/ss/sidtab.o - due to: arch/arm64/include/generated/asm/sysreg-defs.h
  CC      block/blk-mq.o - due to: arch/arm64/include/generated/asm/sysreg-defs.h
  CC      arch/arm64/kernel/suspend.o - due to: arch/arm64/include/generated/asm/sysreg-defs.h
  CC      kernel/sched/core.o - due to: arch/arm64/include/generated/asm/sysreg-defs.h
  CC      fs/utimes.o - due to: arch/arm64/include/generated/asm/sysreg-defs.h
  CC      crypto/dh.o - due to: arch/arm64/include/generated/asm/sysreg-defs.h
  CC      mm/rmap.o - due to: arch/arm64/include/generated/asm/sysreg-defs.h
  CC      arch/arm64/kvm/../../../virt/kvm/binary_stats.o - due to: arch/arm64/include/generated/asm/sysreg-defs.h
  CC      security/selinux/ss/avtab.o - due to: arch/arm64/include/generated/asm/sysreg-defs.h
  CC      arch/arm64/kernel/cpuidle.o - due to: arch/arm64/include/generated/asm/sysreg-defs.h
  CC      block/blk-mq-tag.o - due to: arch/arm64/include/generated/asm/sysreg-defs.h
  CC      kernel/sched/loadavg.o - due to: arch/arm64/include/generated/asm/sysreg-defs.h
  CC      fs/d_path.o - due to: arch/arm64/include/generated/asm/sysreg-defs.h
  CC      crypto/dh_helper.o - due to: arch/arm64/include/generated/asm/sysreg-defs.h
  CC      mm/vmalloc.o - due to: arch/arm64/include/generated/asm/sysreg-defs.h
  CC      security/selinux/ss/policydb.o - due to: arch/arm64/include/generated/asm/sysreg-defs.h
  CC      arch/arm64/kvm/../../../virt/kvm/vfio.o - due to: arch/arm64/include/generated/asm/sysreg-defs.h
  CC      arch/arm64/kernel/efi.o - due to: arch/arm64/include/generated/asm/sysreg-defs.h
  CC      block/blk-stat.o - due to: arch/arm64/include/generated/asm/sysreg-defs.h
  CC      kernel/sched/clock.o - due to: arch/arm64/include/generated/asm/sysreg-defs.h
  CC      fs/stack.o - due to: arch/arm64/include/generated/asm/sysreg-defs.h
  CC      crypto/rsa.o - due to: arch/arm64/include/generated/asm/sysreg-defs.h
  CC      mm/ioremap.o - due to: arch/arm64/include/generated/asm/sysreg-defs.h
  CC      security/selinux/ss/services.o - due to: arch/arm64/include/generated/asm/sysreg-defs.h
  CC      arch/arm64/kvm/../../../virt/kvm/coalesced_mmio.o - due to: arch/arm64/include/generated/asm/sysreg-defs.h
  AS      arch/arm64/kernel/efi-entry.o - due to: arch/arm64/include/generated/asm/sysreg-defs.h
  CC      block/blk-mq-sysfs.o - due to: arch/arm64/include/generated/asm/sysreg-defs.h
  CC      kernel/sched/cputime.o - due to: arch/arm64/include/generated/asm/sysreg-defs.h
  CC      fs/fs_struct.o - due to: arch/arm64/include/generated/asm/sysreg-defs.h
  CC      crypto/rsa-pkcs1pad.o - due to: arch/arm64/include/generated/asm/sysreg-defs.h
  CC      mm/process_vm_access.o - due to: arch/arm64/include/generated/asm/sysreg-defs.h
  CC      arch/arm64/kvm/../../../virt/kvm/irqchip.o - due to: arch/arm64/include/generated/asm/sysreg-defs.h
  CC      security/selinux/ss/conditional.o - due to: arch/arm64/include/generated/asm/sysreg-defs.h
  AS      arch/arm64/kernel/efi-rt-wrapper.o - due to: arch/arm64/include/generated/asm/sysreg-defs.h
  CC      block/blk-mq-cpumap.o - due to: arch/arm64/include/generated/asm/sysreg-defs.h
  CC      crypto/acompress.o - due to: arch/arm64/include/generated/asm/sysreg-defs.h
  CC      fs/statfs.o - due to: arch/arm64/include/generated/asm/sysreg-defs.h
  CC      kernel/sched/idle.o - due to: arch/arm64/include/generated/asm/sysreg-defs.h
  CC      mm/page_alloc.o - due to: arch/arm64/include/generated/asm/sysreg-defs.h
  CC      arch/arm64/kernel/armv8_deprecated.o - due to: arch/arm64/include/generated/asm/sysreg-defs.h
  CC      security/selinux/ss/mls.o - due to: arch/arm64/include/generated/asm/sysreg-defs.h
  CC      arch/arm64/kvm/../../../virt/kvm/dirty_ring.o - due to: arch/arm64/include/generated/asm/sysreg-defs.h
  CC      block/blk-mq-sched.o - due to: arch/arm64/include/generated/asm/sysreg-defs.h
  CC      fs/fs_pin.o - due to: arch/arm64/include/generated/asm/sysreg-defs.h
  CC      crypto/scompress.o - due to: arch/arm64/include/generated/asm/sysreg-defs.h
  CC      kernel/sched/fair.o - due to: arch/arm64/include/generated/asm/sysreg-defs.h
  CC      mm/shuffle.o - due to: arch/arm64/include/generated/asm/sysreg-defs.h
  CC      arch/arm64/kernel/paravirt.o - due to: arch/arm64/include/generated/asm/sysreg-defs.h
  CC      security/selinux/ss/context.o - due to: arch/arm64/include/generated/asm/sysreg-defs.h
  CC      block/ioctl.o - due to: arch/arm64/include/generated/asm/sysreg-defs.h
  CC      arch/arm64/kvm/../../../virt/kvm/pfncache.o - due to: arch/arm64/include/generated/asm/sysreg-defs.h
  CC      fs/nsfs.o - due to: arch/arm64/include/generated/asm/sysreg-defs.h
  CC      kernel/sched/rt.o - due to: arch/arm64/include/generated/asm/sysreg-defs.h
  CC      crypto/algboss.o - due to: arch/arm64/include/generated/asm/sysreg-defs.h
  CC      arch/arm64/kernel/kaslr.o - due to: arch/arm64/include/generated/asm/sysreg-defs.h
  CC      block/genhd.o - due to: arch/arm64/include/generated/asm/sysreg-defs.h
  CC      fs/fs_types.o - due to: arch/arm64/include/generated/asm/sysreg-defs.h
  CC      security/selinux/vendor_hooks.o - due to: arch/arm64/include/generated/asm/sysreg-defs.h
  CC      arch/arm64/kvm/arm.o - due to: arch/arm64/include/generated/asm/sysreg-defs.h
  CC      kernel/sched/deadline.o - due to: arch/arm64/include/generated/asm/sysreg-defs.h
  CC      crypto/testmgr.o - due to: arch/arm64/include/generated/asm/sysreg-defs.h
  CC      arch/arm64/kernel/hibernate.o - due to: arch/arm64/include/generated/asm/sysreg-defs.h
  CC      block/ioprio.o - due to: arch/arm64/include/generated/asm/sysreg-defs.h
  CC      fs/fs_context.o - due to: arch/arm64/include/generated/asm/sysreg-defs.h
  AR      security/selinux/built-in.a - due to: security/selinux/avc.o security/selinux/hooks.o security/selinux/selinuxfs.o security/selinux/netlink.o security/selinux/nlmsgtab.o security/selinux/netif.o security/selinux/netnode.o security/selinux/netport.o security/selinux/status.o security/selinux/ss/ebitmap.o security/selinux/ss/hashtab.o security/selinux/ss/symtab.o security/selinux/ss/sidtab.o security/selinux/ss/avtab.o security/selinux/ss/policydb.o security/selinux/ss/services.o security/selinux/ss/conditional.o security/selinux/ss/mls.o security/selinux/ss/context.o security/selinux/vendor_hooks.o
  CC      security/lsm_audit.o - due to: arch/arm64/include/generated/asm/sysreg-defs.h
  CC      arch/arm64/kvm/mmu.o - due to: arch/arm64/include/generated/asm/sysreg-defs.h
  CC      kernel/sched/wait.o - due to: arch/arm64/include/generated/asm/sysreg-defs.h
  CC      crypto/cmac.o - due to: arch/arm64/include/generated/asm/sysreg-defs.h
  AS      arch/arm64/kernel/hibernate-asm.o - due to: arch/arm64/include/generated/asm/sysreg-defs.h
  CC      block/badblocks.o - due to: arch/arm64/include/generated/asm/sysreg-defs.h
  CC      fs/fs_parser.o - due to: arch/arm64/include/generated/asm/sysreg-defs.h
  CC      security/device_cgroup.o - due to: arch/arm64/include/generated/asm/sysreg-defs.h
  CC      arch/arm64/kvm/mmio.o - due to: arch/arm64/include/generated/asm/sysreg-defs.h
  CC      kernel/sched/wait_bit.o - due to: arch/arm64/include/generated/asm/sysreg-defs.h
  CC      crypto/hmac.o - due to: arch/arm64/include/generated/asm/sysreg-defs.h
  CC      arch/arm64/kernel/machine_kexec.o - due to: arch/arm64/include/generated/asm/sysreg-defs.h
  CC      block/partitions/core.o - due to: arch/arm64/include/generated/asm/sysreg-defs.h
  CC      fs/fsopen.o - due to: arch/arm64/include/generated/asm/sysreg-defs.h
  CC      arch/arm64/kvm/psci.o - due to: arch/arm64/include/generated/asm/sysreg-defs.h
  CC      security/integrity/iint.o - due to: arch/arm64/include/generated/asm/sysreg-defs.h
  CC      crypto/xcbc.o - due to: arch/arm64/include/generated/asm/sysreg-defs.h
  CC      kernel/sched/swait.o - due to: arch/arm64/include/generated/asm/sysreg-defs.h
  AS      arch/arm64/kernel/relocate_kernel.o - due to: arch/arm64/include/generated/asm/sysreg-defs.h
  CC      mm/init-mm.o - due to: arch/arm64/include/generated/asm/sysreg-defs.h
  CC      block/partitions/msdos.o - due to: arch/arm64/include/generated/asm/sysreg-defs.h
  CC      fs/init.o - due to: arch/arm64/include/generated/asm/sysreg-defs.h
  CC      arch/arm64/kvm/hypercalls.o - due to: arch/arm64/include/generated/asm/sysreg-defs.h
  CC      crypto/crypto_null.o - due to: arch/arm64/include/generated/asm/sysreg-defs.h
  CC      kernel/sched/completion.o - due to: arch/arm64/include/generated/asm/sysreg-defs.h
  CC      security/integrity/integrity_audit.o - due to: arch/arm64/include/generated/asm/sysreg-defs.h
  AS      arch/arm64/kernel/cpu-reset.o - due to: arch/arm64/include/generated/asm/sysreg-defs.h
  CC      mm/memblock.o - due to: arch/arm64/include/generated/asm/sysreg-defs.h
  CC      block/partitions/efi.o - due to: arch/arm64/include/generated/asm/sysreg-defs.h
  CC      fs/kernel_read_file.o - due to: arch/arm64/include/generated/asm/sysreg-defs.h
  CC      arch/arm64/kvm/pvtime.o - due to: arch/arm64/include/generated/asm/sysreg-defs.h
  CC      crypto/md5.o - due to: arch/arm64/include/generated/asm/sysreg-defs.h
  AR      security/integrity/built-in.a - due to: security/integrity/iint.o security/integrity/integrity_audit.o
  AR      security/built-in.a - due to: security/keys/built-in.a security/commoncap.o security/min_addr.o security/security.o security/inode.o security/selinux/built-in.a security/lsm_audit.o security/device_cgroup.o security/integrity/built-in.a
  CC      fs/remap_range.o - due to: arch/arm64/include/generated/asm/sysreg-defs.h
  CC      arch/arm64/kernel/machine_kexec_file.o - due to: arch/arm64/include/generated/asm/sysreg-defs.h
  CC      kernel/sched/cpupri.o - due to: arch/arm64/include/generated/asm/sysreg-defs.h
  CC      mm/madvise.o - due to: arch/arm64/include/generated/asm/sysreg-defs.h
  AR      block/partitions/built-in.a - due to: block/partitions/core.o block/partitions/msdos.o block/partitions/efi.o
  CC      block/blk-rq-qos.o - due to: arch/arm64/include/generated/asm/sysreg-defs.h
  CC      mm/page_io.o - due to: arch/arm64/include/generated/asm/sysreg-defs.h
  CC      arch/arm64/kvm/inject_fault.o - due to: arch/arm64/include/generated/asm/sysreg-defs.h
  CC      crypto/sha1_generic.o - due to: arch/arm64/include/generated/asm/sysreg-defs.h
  CC      arch/arm64/kernel/kexec_image.o - due to: arch/arm64/include/generated/asm/sysreg-defs.h
  CC      fs/buffer.o - due to: arch/arm64/include/generated/asm/sysreg-defs.h
  CC      kernel/sched/cpudeadline.o - due to: arch/arm64/include/generated/asm/sysreg-defs.h
  CC      block/bounce.o - due to: arch/arm64/include/generated/asm/sysreg-defs.h
  CC      mm/swap_state.o - due to: arch/arm64/include/generated/asm/sysreg-defs.h
  CC      kernel/locking/mutex.o - due to: arch/arm64/include/generated/asm/sysreg-defs.h
  CC      arch/arm64/kvm/va_layout.o - due to: arch/arm64/include/generated/asm/sysreg-defs.h
  CC      crypto/sha256_generic.o - due to: arch/arm64/include/generated/asm/sysreg-defs.h
  CC      arch/arm64/kernel/crash_dump.o - due to: arch/arm64/include/generated/asm/sysreg-defs.h
  CC      fs/block_dev.o - due to: arch/arm64/include/generated/asm/sysreg-defs.h
  CC      kernel/sched/topology.o - due to: arch/arm64/include/generated/asm/sysreg-defs.h
  CC      block/scsi_ioctl.o - due to: arch/arm64/include/generated/asm/sysreg-defs.h
  CC      mm/swapfile.o - due to: arch/arm64/include/generated/asm/sysreg-defs.h
  CC      kernel/locking/semaphore.o - due to: arch/arm64/include/generated/asm/sysreg-defs.h
  CC      arch/arm64/kvm/handle_exit.o - due to: arch/arm64/include/generated/asm/sysreg-defs.h
  CC      crypto/sha512_generic.o - due to: arch/arm64/include/generated/asm/sysreg-defs.h
  CC      arch/arm64/kernel/crash_core.o - due to: arch/arm64/include/generated/asm/sysreg-defs.h
  CC      kernel/sched/stop_task.o - due to: arch/arm64/include/generated/asm/sysreg-defs.h
  CC      fs/direct-io.o - due to: arch/arm64/include/generated/asm/sysreg-defs.h
  CC      block/bsg.o - due to: arch/arm64/include/generated/asm/sysreg-defs.h
  CC      mm/swap_slots.o - due to: arch/arm64/include/generated/asm/sysreg-defs.h
  CC      kernel/locking/rwsem.o - due to: arch/arm64/include/generated/asm/sysreg-defs.h
  CC      arch/arm64/kvm/guest.o - due to: arch/arm64/include/generated/asm/sysreg-defs.h
  CC      crypto/sm3_generic.o - due to: arch/arm64/include/generated/asm/sysreg-defs.h
  CC      arch/arm64/kernel/pointer_auth.o - due to: arch/arm64/include/generated/asm/sysreg-defs.h
  CC      fs/mpage.o - due to: arch/arm64/include/generated/asm/sysreg-defs.h
  CC      kernel/sched/pelt.o - due to: arch/arm64/include/generated/asm/sysreg-defs.h
  CC      block/bsg-lib.o - due to: arch/arm64/include/generated/asm/sysreg-defs.h
  CC      mm/frontswap.o - due to: arch/arm64/include/generated/asm/sysreg-defs.h
  CC      kernel/locking/percpu-rwsem.o - due to: arch/arm64/include/generated/asm/sysreg-defs.h
  CC      arch/arm64/kvm/debug.o - due to: arch/arm64/include/generated/asm/sysreg-defs.h
  CC      crypto/blake2b_generic.o - due to: arch/arm64/include/generated/asm/sysreg-defs.h
  CC      arch/arm64/kernel/mte.o - due to: arch/arm64/include/generated/asm/sysreg-defs.h
  CC      fs/proc_namespace.o - due to: arch/arm64/include/generated/asm/sysreg-defs.h
  CC      block/blk-cgroup.o - due to: arch/arm64/include/generated/asm/sysreg-defs.h
  CC      kernel/sched/autogroup.o - due to: arch/arm64/include/generated/asm/sysreg-defs.h
  CC      mm/zswap.o - due to: arch/arm64/include/generated/asm/sysreg-defs.h
  CC      kernel/locking/spinlock.o - due to: arch/arm64/include/generated/asm/sysreg-defs.h
  CC      arch/arm64/kvm/reset.o - due to: arch/arm64/include/generated/asm/sysreg-defs.h
  CC      crypto/gf128mul.o - due to: arch/arm64/include/generated/asm/sysreg-defs.h
  OBJCOPY arch/arm64/kernel/vdso/vdso.so - due to: arch/arm64/kernel/vdso/vdso.so.dbg
  AS      arch/arm64/kernel/vdso/vdso.o - due to: arch/arm64/kernel/vdso/vdso.so arch/arm64/include/generated/asm/sysreg-defs.h
  CC      fs/notify/fsnotify.o - due to: arch/arm64/include/generated/asm/sysreg-defs.h
  CC      kernel/sched/stats.o - due to: arch/arm64/include/generated/asm/sysreg-defs.h
  CC      block/blk-iolatency.o - due to: arch/arm64/include/generated/asm/sysreg-defs.h
  CC      mm/dmapool.o - due to: arch/arm64/include/generated/asm/sysreg-defs.h
  CC      kernel/locking/osq_lock.o - due to: arch/arm64/include/generated/asm/sysreg-defs.h
  CC      arch/arm64/kvm/sys_regs.o - due to: arch/arm64/include/generated/asm/sysreg-defs.h
  CC      crypto/ecb.o - due to: arch/arm64/include/generated/asm/sysreg-defs.h
  CC      fs/notify/notification.o - due to: arch/arm64/include/generated/asm/sysreg-defs.h
  CC      block/blk-iocost.o - due to: arch/arm64/include/generated/asm/sysreg-defs.h
  CC      kernel/sched/debug.o - due to: arch/arm64/include/generated/asm/sysreg-defs.h
  AR      arch/arm64/kernel/vdso/built-in.a - due to: arch/arm64/kernel/vdso/vdso.o
  CC      mm/mempolicy.o - due to: arch/arm64/include/generated/asm/sysreg-defs.h
  CC      kernel/locking/qspinlock.o - due to: arch/arm64/include/generated/asm/sysreg-defs.h
  CC      arch/arm64/kernel/probes/kprobes.o - due to: arch/arm64/include/generated/asm/sysreg-defs.h
  CC      crypto/cbc.o - due to: arch/arm64/include/generated/asm/sysreg-defs.h
  CC      arch/arm64/kvm/stacktrace.o - due to: arch/arm64/include/generated/asm/sysreg-defs.h
  CC      fs/notify/group.o - due to: arch/arm64/include/generated/asm/sysreg-defs.h
  CC      block/mq-deadline-main.o - due to: arch/arm64/include/generated/asm/sysreg-defs.h
  CC      kernel/sched/cpuacct.o - due to: arch/arm64/include/generated/asm/sysreg-defs.h
  CC      kernel/locking/rtmutex.o - due to: arch/arm64/include/generated/asm/sysreg-defs.h
  CC      mm/sparse.o - due to: arch/arm64/include/generated/asm/sysreg-defs.h
  CC      arch/arm64/kernel/probes/decode-insn.o - due to: arch/arm64/include/generated/asm/sysreg-defs.h
  CC      crypto/cts.o - due to: arch/arm64/include/generated/asm/sysreg-defs.h
  CC      arch/arm64/kvm/vgic-sys-reg-v3.o - due to: arch/arm64/include/generated/asm/sysreg-defs.h
  CC      fs/notify/mark.o - due to: arch/arm64/include/generated/asm/sysreg-defs.h
  CC      block/mq-deadline-cgroup.o - due to: arch/arm64/include/generated/asm/sysreg-defs.h
  CC      kernel/sched/cpufreq.o - due to: arch/arm64/include/generated/asm/sysreg-defs.h
  CC      kernel/locking/qrwlock.o - due to: arch/arm64/include/generated/asm/sysreg-defs.h
  CC      mm/sparse-vmemmap.o - due to: arch/arm64/include/generated/asm/sysreg-defs.h
  AS      arch/arm64/kernel/probes/kprobes_trampoline.o - due to: arch/arm64/include/generated/asm/sysreg-defs.h
  CC      crypto/xts.o - due to: arch/arm64/include/generated/asm/sysreg-defs.h
  CC      arch/arm64/kvm/fpsimd.o - due to: arch/arm64/include/generated/asm/sysreg-defs.h
  CC      fs/notify/fdinfo.o - due to: arch/arm64/include/generated/asm/sysreg-defs.h
  CC      kernel/sched/cpufreq_schedutil.o - due to: arch/arm64/include/generated/asm/sysreg-defs.h
  CC      block/kyber-iosched.o - due to: arch/arm64/include/generated/asm/sysreg-defs.h
  AR      kernel/locking/built-in.a - due to: kernel/locking/mutex.o kernel/locking/semaphore.o kernel/locking/rwsem.o kernel/locking/percpu-rwsem.o kernel/locking/spinlock.o kernel/locking/osq_lock.o kernel/locking/qspinlock.o kernel/locking/rtmutex.o kernel/locking/qrwlock.o
  CC      arch/arm64/kernel/probes/simulate-insn.o - due to: arch/arm64/include/generated/asm/sysreg-defs.h
  CC      mm/mmu_notifier.o - due to: arch/arm64/include/generated/asm/sysreg-defs.h
  CC      io_uring/io_uring.o - due to: arch/arm64/include/generated/asm/sysreg-defs.h
  CC      crypto/ctr.o - due to: arch/arm64/include/generated/asm/sysreg-defs.h
  CC      arch/arm64/kvm/arch_timer.o - due to: arch/arm64/include/generated/asm/sysreg-defs.h
  CC      fs/notify/dnotify/dnotify.o - due to: arch/arm64/include/generated/asm/sysreg-defs.h
  CC      block/bio-integrity.o - due to: arch/arm64/include/generated/asm/sysreg-defs.h
  CC      kernel/sched/membarrier.o - due to: arch/arm64/include/generated/asm/sysreg-defs.h
  CC      mm/ksm.o - due to: arch/arm64/include/generated/asm/sysreg-defs.h
  CC      arch/arm64/kernel/probes/uprobes.o - due to: arch/arm64/include/generated/asm/sysreg-defs.h
  CC      io_uring/io-wq.o - due to: arch/arm64/include/generated/asm/sysreg-defs.h
  CC      crypto/adiantum.o - due to: arch/arm64/include/generated/asm/sysreg-defs.h
  CC      arch/arm64/kvm/trng.o - due to: arch/arm64/include/generated/asm/sysreg-defs.h
  AR      fs/notify/dnotify/built-in.a - due to: fs/notify/dnotify/dnotify.o
  CC      fs/notify/inotify/inotify_fsnotify.o - due to: arch/arm64/include/generated/asm/sysreg-defs.h
  CC      block/blk-integrity.o - due to: arch/arm64/include/generated/asm/sysreg-defs.h
  CC      kernel/sched/isolation.o - due to: arch/arm64/include/generated/asm/sysreg-defs.h
  AR      arch/arm64/kernel/probes/built-in.a - due to: arch/arm64/kernel/probes/kprobes.o arch/arm64/kernel/probes/decode-insn.o arch/arm64/kernel/probes/kprobes_trampoline.o arch/arm64/kernel/probes/simulate-insn.o arch/arm64/kernel/probes/uprobes.o
  CC      mm/slub.o - due to: arch/arm64/include/generated/asm/sysreg-defs.h
  AR      io_uring/built-in.a - due to: io_uring/io_uring.o io_uring/io-wq.o
  CC      crypto/nhpoly1305.o - due to: arch/arm64/include/generated/asm/sysreg-defs.h
  CC      arch/arm64/kvm/vmid.o - due to: arch/arm64/include/generated/asm/sysreg-defs.h
  CC      kernel/power/qos.o - due to: arch/arm64/include/generated/asm/sysreg-defs.h
  CC      fs/notify/inotify/inotify_user.o - due to: arch/arm64/include/generated/asm/sysreg-defs.h
  CC      kernel/sched/psi.o - due to: arch/arm64/include/generated/asm/sysreg-defs.h
  CC      block/t10-pi.o - due to: arch/arm64/include/generated/asm/sysreg-defs.h
  CC      mm/kfence/core.o - due to: arch/arm64/include/generated/asm/sysreg-defs.h
  CC      crypto/gcm.o - due to: arch/arm64/include/generated/asm/sysreg-defs.h
  CC      arch/arm64/kvm/iommu.o - due to: arch/arm64/include/generated/asm/sysreg-defs.h
  AR      fs/notify/inotify/built-in.a - due to: fs/notify/inotify/inotify_fsnotify.o fs/notify/inotify/inotify_user.o
  CC      kernel/power/main.o - due to: arch/arm64/include/generated/asm/sysreg-defs.h
  CC      fs/notify/fanotify/fanotify.o - due to: arch/arm64/include/generated/asm/sysreg-defs.h
  AR      kernel/sched/built-in.a - due to: kernel/sched/core.o kernel/sched/loadavg.o kernel/sched/clock.o kernel/sched/cputime.o kernel/sched/idle.o kernel/sched/fair.o kernel/sched/rt.o kernel/sched/deadline.o kernel/sched/wait.o kernel/sched/wait_bit.o kernel/sched/swait.o kernel/sched/completion.o kernel/sched/cpupri.o kernel/sched/cpudeadline.o kernel/sched/topology.o kernel/sched/stop_task.o kernel/sched/pelt.o kernel/sched/autogroup.o kernel/sched/stats.o kernel/sched/debug.o kernel/sched/cpuacct.o kernel/sched/cpufreq.o kernel/sched/cpufreq_schedutil.o kernel/sched/membarrier.o kernel/sched/isolation.o kernel/sched/psi.o
  CC      fs/eventpoll.o - due to: arch/arm64/include/generated/asm/sysreg-defs.h
  CC      block/blk-mq-virtio.o - due to: arch/arm64/include/generated/asm/sysreg-defs.h
  CC      mm/kfence/report.o - due to: arch/arm64/include/generated/asm/sysreg-defs.h
  CC      crypto/ccm.o - due to: arch/arm64/include/generated/asm/sysreg-defs.h
  CC      arch/arm64/kvm/vgic/vgic.o - due to: arch/arm64/include/generated/asm/sysreg-defs.h
  CC      kernel/power/console.o - due to: arch/arm64/include/generated/asm/sysreg-defs.h
  CC      fs/notify/fanotify/fanotify_user.o - due to: arch/arm64/include/generated/asm/sysreg-defs.h
  CC      block/blk-mq-debugfs.o - due to: arch/arm64/include/generated/asm/sysreg-defs.h
  CC      drivers/pinctrl/mediatek/mtk-eint.o - due to: arch/arm64/include/generated/asm/sysreg-defs.h
  CC      crypto/chacha20poly1305.o - due to: arch/arm64/include/generated/asm/sysreg-defs.h
  AR      mm/kfence/built-in.a - due to: mm/kfence/core.o mm/kfence/report.o
  CC      mm/memtest.o - due to: arch/arm64/include/generated/asm/sysreg-defs.h
  CC      arch/arm64/kvm/vgic/vgic-init.o - due to: arch/arm64/include/generated/asm/sysreg-defs.h
  CC      kernel/power/process.o - due to: arch/arm64/include/generated/asm/sysreg-defs.h
  AR      fs/notify/fanotify/built-in.a - due to: fs/notify/fanotify/fanotify.o fs/notify/fanotify/fanotify_user.o
  AR      fs/notify/built-in.a - due to: fs/notify/fsnotify.o fs/notify/notification.o fs/notify/group.o fs/notify/mark.o fs/notify/fdinfo.o fs/notify/dnotify/built-in.a fs/notify/inotify/built-in.a fs/notify/fanotify/built-in.a
  CC      fs/anon_inodes.o - due to: arch/arm64/include/generated/asm/sysreg-defs.h
  CC      block/blk-pm.o - due to: arch/arm64/include/generated/asm/sysreg-defs.h
  CC      drivers/pinctrl/mediatek/pinctrl-mtk-common.o - due to target missing
  CC      crypto/des_generic.o - due to: arch/arm64/include/generated/asm/sysreg-defs.h
  CC      mm/migrate.o - due to: arch/arm64/include/generated/asm/sysreg-defs.h
  CC      arch/arm64/kvm/vgic/vgic-irqfd.o - due to: arch/arm64/include/generated/asm/sysreg-defs.h
  CC      kernel/power/suspend.o - due to: arch/arm64/include/generated/asm/sysreg-defs.h
  CC      fs/signalfd.o - due to: arch/arm64/include/generated/asm/sysreg-defs.h
  CC      block/keyslot-manager.o - due to: arch/arm64/include/generated/asm/sysreg-defs.h
  CC      crypto/aes_generic.o - due to: arch/arm64/include/generated/asm/sysreg-defs.h
  CC      mm/huge_memory.o - due to: arch/arm64/include/generated/asm/sysreg-defs.h
  CC      arch/arm64/kvm/vgic/vgic-v2.o - due to: arch/arm64/include/generated/asm/sysreg-defs.h
  CC      kernel/power/hibernate.o - due to: arch/arm64/include/generated/asm/sysreg-defs.h
  CC      fs/timerfd.o - due to: arch/arm64/include/generated/asm/sysreg-defs.h
  CC      block/blk-crypto.o - due to: arch/arm64/include/generated/asm/sysreg-defs.h
  CC      crypto/sm4_generic.o - due to: arch/arm64/include/generated/asm/sysreg-defs.h
  CC      mm/khugepaged.o - due to: arch/arm64/include/generated/asm/sysreg-defs.h
  CC      arch/arm64/kvm/vgic/vgic-v3.o - due to: arch/arm64/include/generated/asm/sysreg-defs.h
  CC      fs/eventfd.o - due to: arch/arm64/include/generated/asm/sysreg-defs.h
  CC      kernel/power/snapshot.o - due to: arch/arm64/include/generated/asm/sysreg-defs.h
  CC      block/blk-crypto-fallback.o - due to: arch/arm64/include/generated/asm/sysreg-defs.h
  OBJCOPY arch/arm64/kernel/efi-entry.stub.o - due to: arch/arm64/kernel/efi-entry.o
  AR      arch/arm64/kernel/built-in.a - due to: arch/arm64/kernel/debug-monitors.o arch/arm64/kernel/entry.o arch/arm64/kernel/irq.o arch/arm64/kernel/fpsimd.o arch/arm64/kernel/entry-common.o arch/arm64/kernel/entry-fpsimd.o arch/arm64/kernel/process.o arch/arm64/kernel/ptrace.o arch/arm64/kernel/setup.o arch/arm64/kernel/signal.o arch/arm64/kernel/sys.o arch/arm64/kernel/stacktrace.o arch/arm64/kernel/time.o arch/arm64/kernel/traps.o arch/arm64/kernel/io.o arch/arm64/kernel/vdso.o arch/arm64/kernel/hyp-stub.o arch/arm64/kernel/psci.o arch/arm64/kernel/cpu_ops.o arch/arm64/kernel/insn.o arch/arm64/kernel/return_address.o arch/arm64/kernel/cpuinfo.o arch/arm64/kernel/cpu_errata.o arch/arm64/kernel/cpufeature.o arch/arm64/kernel/alternative.o arch/arm64/kernel/cacheinfo.o arch/arm64/kernel/smp.o arch/arm64/kernel/smp_spin_table.o arch/arm64/kernel/topology.o arch/arm64/kernel/smccc-call.o arch/arm64/kernel/syscall.o arch/arm64/kernel/proton-pack.o arch/arm64/kernel/idreg-override.o arch/arm64/kernel/sys32.o arch/arm64/kernel/signal32.o arch/arm64/kernel/sys_compat.o arch/arm64/kernel/module.o arch/arm64/kernel/module-plts.o arch/arm64/kernel/perf_regs.o arch/arm64/kernel/perf_callchain.o arch/arm64/kernel/perf_event.o arch/arm64/kernel/hw_breakpoint.o arch/arm64/kernel/sleep.o arch/arm64/kernel/suspend.o arch/arm64/kernel/cpuidle.o arch/arm64/kernel/efi.o arch/arm64/kernel/efi-entry.stub.o arch/arm64/kernel/efi-rt-wrapper.o arch/arm64/kernel/armv8_deprecated.o arch/arm64/kernel/paravirt.o arch/arm64/kernel/kaslr.o arch/arm64/kernel/hibernate.o arch/arm64/kernel/hibernate-asm.o arch/arm64/kernel/machine_kexec.o arch/arm64/kernel/relocate_kernel.o arch/arm64/kernel/cpu-reset.o arch/arm64/kernel/machine_kexec_file.o arch/arm64/kernel/kexec_image.o arch/arm64/kernel/crash_dump.o arch/arm64/kernel/crash_core.o arch/arm64/kernel/pointer_auth.o arch/arm64/kernel/mte.o arch/arm64/kernel/vdso/built-in.a arch/arm64/kernel/probes/built-in.a
  CC      crypto/chacha_generic.o - due to: arch/arm64/include/generated/asm/sysreg-defs.h
  CC      drivers/gpio/pcal6408/gpio-pcal6408.o - due to target missing
  CC      mm/page_counter.o - due to: arch/arm64/include/generated/asm/sysreg-defs.h
  CC      arch/arm64/kvm/vgic/vgic-v4.o - due to: arch/arm64/include/generated/asm/sysreg-defs.h
  CC      fs/userfaultfd.o - due to: arch/arm64/include/generated/asm/sysreg-defs.h
  CC      kernel/power/swap.o - due to: arch/arm64/include/generated/asm/sysreg-defs.h
  AR      block/built-in.a - due to: block/bio.o block/elevator.o block/blk-core.o block/blk-sysfs.o block/blk-flush.o block/blk-settings.o block/blk-ioc.o block/blk-map.o block/blk-exec.o block/blk-merge.o block/blk-timeout.o block/blk-lib.o block/blk-mq.o block/blk-mq-tag.o block/blk-stat.o block/blk-mq-sysfs.o block/blk-mq-cpumap.o block/blk-mq-sched.o block/ioctl.o block/genhd.o block/ioprio.o block/badblocks.o block/partitions/built-in.a block/blk-rq-qos.o block/bounce.o block/scsi_ioctl.o block/bsg.o block/bsg-lib.o block/blk-cgroup.o block/blk-iolatency.o block/blk-iocost.o block/mq-deadline-main.o block/mq-deadline-cgroup.o block/kyber-iosched.o block/bio-integrity.o block/blk-integrity.o block/t10-pi.o block/blk-mq-virtio.o block/blk-mq-debugfs.o block/blk-pm.o block/keyslot-manager.o block/blk-crypto.o block/blk-crypto-fallback.o
  CC      crypto/poly1305_generic.o - due to: arch/arm64/include/generated/asm/sysreg-defs.h
  CC      sound/sound_core.o - due to: arch/arm64/include/generated/asm/sysreg-defs.h
  CC      mm/memcontrol.o - due to: arch/arm64/include/generated/asm/sysreg-defs.h
  CC      arch/arm64/kvm/vgic/vgic-mmio.o - due to: arch/arm64/include/generated/asm/sysreg-defs.h
  CC      kernel/power/user.o - due to: arch/arm64/include/generated/asm/sysreg-defs.h
  CC      fs/aio.o - due to: arch/arm64/include/generated/asm/sysreg-defs.h
  CC      crypto/deflate.o - due to: arch/arm64/include/generated/asm/sysreg-defs.h
  CC      mm/vmpressure.o - due to: arch/arm64/include/generated/asm/sysreg-defs.h
  CC      arch/arm64/kvm/vgic/vgic-mmio-v2.o - due to: arch/arm64/include/generated/asm/sysreg-defs.h
  CC      sound/core/sound.o - due to: arch/arm64/include/generated/asm/sysreg-defs.h
  AR      drivers/gpio/pcal6408/built-in.a - due to target missing
  CC      kernel/power/wakelock.o - due to: arch/arm64/include/generated/asm/sysreg-defs.h
  CC      drivers/gpio/gpiolib.o - due to target missing
In file included from ../drivers/pinctrl/mediatek/pinctrl-mtk-common.c:34:
../drivers/pinctrl/mediatek/pinctrl-mtk-common.h:255:21: error: field has incomplete type 'struct mtk_eint_hw'
  255 |         struct mtk_eint_hw eint_hw;
      |                            ^
../drivers/pinctrl/mediatek/pinctrl-mtk-common.h:255:9: note: forward declaration of 'struct mtk_eint_hw'
  255 |         struct mtk_eint_hw eint_hw;
      |                ^
../drivers/pinctrl/mediatek/pinctrl-mtk-common.c:996:14: error: no member named 'base' in 'struct mtk_eint'
  996 |         pctl->eint->base = devm_platform_ioremap_resource(pdev, 0);
      |         ~~~~~~~~~~  ^
../drivers/pinctrl/mediatek/pinctrl-mtk-common.c:997:25: error: no member named 'base' in 'struct mtk_eint'
  997 |         if (IS_ERR(pctl->eint->base))
      |                    ~~~~~~~~~~  ^
../drivers/pinctrl/mediatek/pinctrl-mtk-common.c:998:30: error: no member named 'base' in 'struct mtk_eint'
  998 |                 return PTR_ERR(pctl->eint->base);
      |                                ~~~~~~~~~~  ^
../drivers/pinctrl/mediatek/pinctrl-mtk-common.c:1009:14: error: no member named 'regs' in 'struct mtk_eint'
 1009 |         pctl->eint->regs = pctl->devdata->eint_regs;
      |         ~~~~~~~~~~  ^
../drivers/pinctrl/mediatek/pinctrl-mtk-common.c:1010:14: error: no member named 'hw' in 'struct mtk_eint'
 1010 |         pctl->eint->hw = &pctl->devdata->eint_hw;
      |         ~~~~~~~~~~  ^
6 errors generated.
make[4]: *** [../scripts/Makefile.build:273: drivers/pinctrl/mediatek/pinctrl-mtk-common.o] Error 1
make[3]: *** [../scripts/Makefile.build:516: drivers/pinctrl/mediatek] Error 2
make[2]: *** [../scripts/Makefile.build:516: drivers/pinctrl] Error 2
make[2]: *** Se espera a que terminen otras tareas....
  CC      kernel/printk/printk.o - due to: arch/arm64/include/generated/asm/sysreg-defs.h
  CC      fs/crypto/crypto.o - due to: arch/arm64/include/generated/asm/sysreg-defs.h
  CC      crypto/crc32c_generic.o - due to: arch/arm64/include/generated/asm/sysreg-defs.h
  CC      mm/swap_cgroup.o - due to: arch/arm64/include/generated/asm/sysreg-defs.h
  CC      arch/arm64/kvm/vgic/vgic-mmio-v3.o - due to: arch/arm64/include/generated/asm/sysreg-defs.h
  CC      sound/core/init.o - due to: arch/arm64/include/generated/asm/sysreg-defs.h
  CC      kernel/power/poweroff.o - due to: arch/arm64/include/generated/asm/sysreg-defs.h
  CC      fs/crypto/fname.o - due to: arch/arm64/include/generated/asm/sysreg-defs.h
  CC      kernel/printk/printk_safe.o - due to: arch/arm64/include/generated/asm/sysreg-defs.h
  CC      crypto/crc32_generic.o - due to: arch/arm64/include/generated/asm/sysreg-defs.h
  CC      mm/memory-failure.o - due to: arch/arm64/include/generated/asm/sysreg-defs.h
  CC      arch/arm64/kvm/vgic/vgic-kvm-device.o - due to: arch/arm64/include/generated/asm/sysreg-defs.h
  CC      sound/core/memory.o - due to: arch/arm64/include/generated/asm/sysreg-defs.h
  CC      kernel/power/wakeup_reason.o - due to: arch/arm64/include/generated/asm/sysreg-defs.h
  CC      crypto/crct10dif_common.o - due to: arch/arm64/include/generated/asm/sysreg-defs.h
  CC      kernel/printk/printk_ringbuffer.o - due to: arch/arm64/include/generated/asm/sysreg-defs.h
  CC      fs/crypto/hkdf.o - due to: arch/arm64/include/generated/asm/sysreg-defs.h
  CC      mm/page_owner.o - due to: arch/arm64/include/generated/asm/sysreg-defs.h
  CC      arch/arm64/kvm/vgic/vgic-its.o - due to: arch/arm64/include/generated/asm/sysreg-defs.h
  CC      drivers/gpio/gpiolib-devres.o - due to target missing
  CC      kernel/power/energy_model.o - due to: arch/arm64/include/generated/asm/sysreg-defs.h
  CC      sound/core/control.o - due to: arch/arm64/include/generated/asm/sysreg-defs.h
  CC      crypto/crct10dif_generic.o - due to: arch/arm64/include/generated/asm/sysreg-defs.h
  AR      kernel/printk/built-in.a - due to: kernel/printk/printk.o kernel/printk/printk_safe.o kernel/printk/printk_ringbuffer.o
  CC      fs/crypto/hooks.o - due to: arch/arm64/include/generated/asm/sysreg-defs.h
  CC      mm/page_pinner.o - due to: arch/arm64/include/generated/asm/sysreg-defs.h
  CC      kernel/irq/irqdesc.o - due to: arch/arm64/include/generated/asm/sysreg-defs.h
  CC      arch/arm64/kvm/vgic/vgic-debug.o - due to: arch/arm64/include/generated/asm/sysreg-defs.h
  AR      kernel/power/built-in.a - due to: kernel/power/qos.o kernel/power/main.o kernel/power/console.o kernel/power/process.o kernel/power/suspend.o kernel/power/hibernate.o kernel/power/snapshot.o kernel/power/swap.o kernel/power/user.o kernel/power/wakelock.o kernel/power/poweroff.o kernel/power/wakeup_reason.o kernel/power/energy_model.o
  CC      sound/core/misc.o - due to: arch/arm64/include/generated/asm/sysreg-defs.h
  CC      fs/verity/enable.o - due to: arch/arm64/include/generated/asm/sysreg-defs.h
  CC      crypto/authenc.o - due to: arch/arm64/include/generated/asm/sysreg-defs.h
  CC      fs/crypto/keyring.o - due to: arch/arm64/include/generated/asm/sysreg-defs.h
  CC      mm/cleancache.o - due to: arch/arm64/include/generated/asm/sysreg-defs.h
  CC      arch/arm64/kvm/pmu-emul.o - due to: arch/arm64/include/generated/asm/sysreg-defs.h
  CC      kernel/irq/handle.o - due to: arch/arm64/include/generated/asm/sysreg-defs.h
  CC      sound/core/device.o - due to: arch/arm64/include/generated/asm/sysreg-defs.h
  CC      fs/verity/hash_algs.o - due to: arch/arm64/include/generated/asm/sysreg-defs.h
  CC      fs/crypto/keysetup.o - due to: arch/arm64/include/generated/asm/sysreg-defs.h
  CC      crypto/authencesn.o - due to: arch/arm64/include/generated/asm/sysreg-defs.h
  CC      drivers/gpio/gpiolib-legacy.o - due to target missing
  CC      mm/page_isolation.o - due to: arch/arm64/include/generated/asm/sysreg-defs.h
  CC      arch/arm64/kvm/pmu.o - due to: arch/arm64/include/generated/asm/sysreg-defs.h
  CC      kernel/irq/manage.o - due to: arch/arm64/include/generated/asm/sysreg-defs.h
  CC      sound/core/info.o - due to: arch/arm64/include/generated/asm/sysreg-defs.h
  CC      fs/verity/init.o - due to: arch/arm64/include/generated/asm/sysreg-defs.h
  CC      crypto/lzo.o - due to: arch/arm64/include/generated/asm/sysreg-defs.h
  CC      fs/crypto/keysetup_v1.o - due to: arch/arm64/include/generated/asm/sysreg-defs.h
  CC      mm/zpool.o - due to: arch/arm64/include/generated/asm/sysreg-defs.h
  CC      kernel/irq/spurious.o - due to: arch/arm64/include/generated/asm/sysreg-defs.h
  CC      arch/arm64/kvm/pkvm.o - due to: arch/arm64/include/generated/asm/sysreg-defs.h
  CC      sound/core/ctljack.o - due to: arch/arm64/include/generated/asm/sysreg-defs.h
  CC      fs/verity/measure.o - due to: arch/arm64/include/generated/asm/sysreg-defs.h
  CC      crypto/lzo-rle.o - due to: arch/arm64/include/generated/asm/sysreg-defs.h
  CC      fs/crypto/policy.o - due to: arch/arm64/include/generated/asm/sysreg-defs.h
  CC      mm/zbud.o - due to: arch/arm64/include/generated/asm/sysreg-defs.h
  CC      drivers/gpio/gpiolib-of.o - due to target missing
  CC      kernel/irq/resend.o - due to: arch/arm64/include/generated/asm/sysreg-defs.h
  CC      arch/arm64/kvm/android_erratum_pgtable.o - due to: arch/arm64/include/generated/asm/sysreg-defs.h
  CC      sound/core/jack.o - due to: arch/arm64/include/generated/asm/sysreg-defs.h
  CC      fs/verity/open.o - due to: arch/arm64/include/generated/asm/sysreg-defs.h
  CC      crypto/lz4.o - due to: arch/arm64/include/generated/asm/sysreg-defs.h
  CC      fs/crypto/bio.o - due to: arch/arm64/include/generated/asm/sysreg-defs.h
  CC      mm/early_ioremap.o - due to: arch/arm64/include/generated/asm/sysreg-defs.h
  CC      kernel/irq/chip.o - due to: arch/arm64/include/generated/asm/sysreg-defs.h
  CC      arch/arm64/kvm/hyp_events.o - due to: arch/arm64/include/generated/asm/sysreg-defs.h
  CC      sound/core/timer.o - due to: arch/arm64/include/generated/asm/sysreg-defs.h
  CC      fs/verity/read_metadata.o - due to: arch/arm64/include/generated/asm/sysreg-defs.h
  CC      crypto/xxhash_generic.o - due to: arch/arm64/include/generated/asm/sysreg-defs.h
  CC      fs/crypto/inline_crypt.o - due to: arch/arm64/include/generated/asm/sysreg-defs.h
  CC      mm/cma.o - due to: arch/arm64/include/generated/asm/sysreg-defs.h
  CC      kernel/irq/dummychip.o - due to: arch/arm64/include/generated/asm/sysreg-defs.h
  CC      arch/arm64/kvm/hyp_trace.o - due to: arch/arm64/include/generated/asm/sysreg-defs.h
  CC      sound/core/hrtimer.o - due to: arch/arm64/include/generated/asm/sysreg-defs.h
  CC      drivers/gpio/gpiolib-cdev.o - due to target missing
  CC      fs/verity/verify.o - due to: arch/arm64/include/generated/asm/sysreg-defs.h
  AR      fs/crypto/built-in.a - due to: fs/crypto/crypto.o fs/crypto/fname.o fs/crypto/hkdf.o fs/crypto/hooks.o fs/crypto/keyring.o fs/crypto/keysetup.o fs/crypto/keysetup_v1.o fs/crypto/policy.o fs/crypto/bio.o fs/crypto/inline_crypt.o
  CC      crypto/rng.o - due to: arch/arm64/include/generated/asm/sysreg-defs.h
  CC      mm/balloon_compaction.o - due to: arch/arm64/include/generated/asm/sysreg-defs.h
  CC      net/devres.o - due to: arch/arm64/include/generated/asm/sysreg-defs.h
  CC      arch/arm64/kvm/pkvm_compat.o - due to: arch/arm64/include/generated/asm/sysreg-defs.h
  CC      kernel/irq/devres.o - due to: arch/arm64/include/generated/asm/sysreg-defs.h
  CC      sound/core/pcm.o - due to: arch/arm64/include/generated/asm/sysreg-defs.h
  CC      fs/verity/signature.o - due to: arch/arm64/include/generated/asm/sysreg-defs.h
  CC      crypto/ansi_cprng.o - due to: arch/arm64/include/generated/asm/sysreg-defs.h
  CC      mm/page_ext.o - due to: arch/arm64/include/generated/asm/sysreg-defs.h
  CC      net/socket.o - due to: arch/arm64/include/generated/asm/sysreg-defs.h
  CC      kernel/irq/autoprobe.o - due to: arch/arm64/include/generated/asm/sysreg-defs.h
  AR      arch/arm64/kvm/built-in.a - due to: arch/arm64/kvm/../../../virt/kvm/kvm_main.o arch/arm64/kvm/../../../virt/kvm/eventfd.o arch/arm64/kvm/../../../virt/kvm/binary_stats.o arch/arm64/kvm/../../../virt/kvm/vfio.o arch/arm64/kvm/../../../virt/kvm/coalesced_mmio.o arch/arm64/kvm/../../../virt/kvm/irqchip.o arch/arm64/kvm/../../../virt/kvm/dirty_ring.o arch/arm64/kvm/../../../virt/kvm/pfncache.o arch/arm64/kvm/arm.o arch/arm64/kvm/mmu.o arch/arm64/kvm/mmio.o arch/arm64/kvm/psci.o arch/arm64/kvm/hypercalls.o arch/arm64/kvm/pvtime.o arch/arm64/kvm/inject_fault.o arch/arm64/kvm/va_layout.o arch/arm64/kvm/handle_exit.o arch/arm64/kvm/guest.o arch/arm64/kvm/debug.o arch/arm64/kvm/reset.o arch/arm64/kvm/sys_regs.o arch/arm64/kvm/stacktrace.o arch/arm64/kvm/vgic-sys-reg-v3.o arch/arm64/kvm/fpsimd.o arch/arm64/kvm/arch_timer.o arch/arm64/kvm/trng.o arch/arm64/kvm/vmid.o arch/arm64/kvm/iommu.o arch/arm64/kvm/vgic/vgic.o arch/arm64/kvm/vgic/vgic-init.o arch/arm64/kvm/vgic/vgic-irqfd.o arch/arm64/kvm/vgic/vgic-v2.o arch/arm64/kvm/vgic/vgic-v3.o arch/arm64/kvm/vgic/vgic-v4.o arch/arm64/kvm/vgic/vgic-mmio.o arch/arm64/kvm/vgic/vgic-mmio-v2.o arch/arm64/kvm/vgic/vgic-mmio-v3.o arch/arm64/kvm/vgic/vgic-kvm-device.o arch/arm64/kvm/vgic/vgic-its.o arch/arm64/kvm/vgic/vgic-debug.o arch/arm64/kvm/pmu-emul.o arch/arm64/kvm/pmu.o arch/arm64/kvm/pkvm.o arch/arm64/kvm/android_erratum_pgtable.o arch/arm64/kvm/hyp_events.o arch/arm64/kvm/hyp_trace.o arch/arm64/kvm/pkvm_compat.o arch/arm64/kvm/hyp/built-in.a
  AR      arch/arm64/built-in.a - due to: arch/arm64/kernel/built-in.a arch/arm64/mm/built-in.a arch/arm64/net/built-in.a arch/arm64/kvm/built-in.a arch/arm64/xen/built-in.a arch/arm64/gunyah/built-in.a arch/arm64/crypto/built-in.a arch/arm64/geniezone/built-in.a
  CC      sound/core/pcm_native.o - due to: arch/arm64/include/generated/asm/sysreg-defs.h
  CC      kernel/rcu/update.o - due to: arch/arm64/include/generated/asm/sysreg-defs.h
  AR      fs/verity/built-in.a - due to: fs/verity/enable.o fs/verity/hash_algs.o fs/verity/init.o fs/verity/measure.o fs/verity/open.o fs/verity/read_metadata.o fs/verity/verify.o fs/verity/signature.o
  CC      fs/locks.o - due to: arch/arm64/include/generated/asm/sysreg-defs.h
  CC      crypto/drbg.o - due to: arch/arm64/include/generated/asm/sysreg-defs.h
  CC      mm/userfaultfd.o - due to: arch/arm64/include/generated/asm/sysreg-defs.h
  CC      drivers/gpio/gpio-mmio.o - due to target missing
  CC      kernel/irq/irqdomain.o - due to: arch/arm64/include/generated/asm/sysreg-defs.h
  CC      sound/core/pcm_lib.o - due to: arch/arm64/include/generated/asm/sysreg-defs.h
  CC      kernel/rcu/sync.o - due to: arch/arm64/include/generated/asm/sysreg-defs.h
  CC      fs/binfmt_script.o - due to: arch/arm64/include/generated/asm/sysreg-defs.h
  CC      crypto/jitterentropy-kcapi.o - due to: arch/arm64/include/generated/asm/sysreg-defs.h
  CC      mm/page_idle.o - due to: arch/arm64/include/generated/asm/sysreg-defs.h
  CC      kernel/irq/irq_sim.o - due to: arch/arm64/include/generated/asm/sysreg-defs.h
  CC      sound/core/pcm_misc.o - due to: arch/arm64/include/generated/asm/sysreg-defs.h
  CC      net/core/sock.o - due to: arch/arm64/include/generated/asm/sysreg-defs.h
  CC      fs/binfmt_elf.o - due to: arch/arm64/include/generated/asm/sysreg-defs.h
  CC      kernel/rcu/srcutree.o - due to: arch/arm64/include/generated/asm/sysreg-defs.h
  CC      crypto/ghash-generic.o - due to: arch/arm64/include/generated/asm/sysreg-defs.h
  CC      mm/frame_vector.o - due to: arch/arm64/include/generated/asm/sysreg-defs.h
  CC      drivers/gpio/gpio-aggregator.o - due to target missing
  CC      kernel/irq/proc.o - due to: arch/arm64/include/generated/asm/sysreg-defs.h
  CC      sound/core/pcm_memory.o - due to: arch/arm64/include/generated/asm/sysreg-defs.h
  CC      net/core/request_sock.o - due to: arch/arm64/include/generated/asm/sysreg-defs.h
  CC      fs/compat_binfmt_elf.o - due to: arch/arm64/include/generated/asm/sysreg-defs.h
  CC      kernel/rcu/tree.o - due to: arch/arm64/include/generated/asm/sysreg-defs.h
  CC      crypto/af_alg.o - due to: arch/arm64/include/generated/asm/sysreg-defs.h
  CC      mm/usercopy.o - due to: arch/arm64/include/generated/asm/sysreg-defs.h
  CC      kernel/irq/cpuhotplug.o - due to: arch/arm64/include/generated/asm/sysreg-defs.h
  CC      sound/core/memalloc.o - due to: arch/arm64/include/generated/asm/sysreg-defs.h
  CC      net/core/skbuff.o - due to: arch/arm64/include/generated/asm/sysreg-defs.h
  CC      fs/mbcache.o - due to: arch/arm64/include/generated/asm/sysreg-defs.h
  CC      crypto/algif_rng.o - due to: arch/arm64/include/generated/asm/sysreg-defs.h
  CC      kernel/rcu/rcu_segcblist.o - due to: arch/arm64/include/generated/asm/sysreg-defs.h
  CC      mm/memfd.o - due to: arch/arm64/include/generated/asm/sysreg-defs.h
  CC      kernel/irq/pm.o - due to: arch/arm64/include/generated/asm/sysreg-defs.h
  CC      sound/core/pcm_timer.o - due to: arch/arm64/include/generated/asm/sysreg-defs.h
  CC      drivers/gpio/gpio-mockup.o - due to target missing
  CC      net/core/datagram.o - due to: arch/arm64/include/generated/asm/sysreg-defs.h
  CC      fs/posix_acl.o - due to: arch/arm64/include/generated/asm/sysreg-defs.h
  AR      kernel/rcu/built-in.a - due to: kernel/rcu/update.o kernel/rcu/sync.o kernel/rcu/srcutree.o kernel/rcu/tree.o kernel/rcu/rcu_segcblist.o
  CC      crypto/zstd.o - due to: arch/arm64/include/generated/asm/sysreg-defs.h
  CC      mm/page_reporting.o - due to: arch/arm64/include/generated/asm/sysreg-defs.h
  CC      net/compat.o - due to: arch/arm64/include/generated/asm/sysreg-defs.h
  CC      kernel/irq/msi.o - due to: arch/arm64/include/generated/asm/sysreg-defs.h
  CC      sound/core/compress_offload.o - due to: arch/arm64/include/generated/asm/sysreg-defs.h
  CC      net/core/stream.o - due to: arch/arm64/include/generated/asm/sysreg-defs.h
  CC      fs/nfs_common/grace.o - due to: arch/arm64/include/generated/asm/sysreg-defs.h
  CC      crypto/ecc.o - due to: arch/arm64/include/generated/asm/sysreg-defs.h
  CC [M]  mm/zsmalloc.o - due to: arch/arm64/include/generated/asm/sysreg-defs.h
  CC      kernel/irq/ipi.o - due to: arch/arm64/include/generated/asm/sysreg-defs.h
  CC      virt/lib/irqbypass.o - due to: arch/arm64/include/generated/asm/sysreg-defs.h
  AR      sound/core/built-in.a - due to: sound/core/sound.o sound/core/init.o sound/core/memory.o sound/core/control.o sound/core/misc.o sound/core/device.o sound/core/info.o sound/core/ctljack.o sound/core/jack.o sound/core/timer.o sound/core/hrtimer.o sound/core/pcm.o sound/core/pcm_native.o sound/core/pcm_lib.o sound/core/pcm_misc.o sound/core/pcm_memory.o sound/core/memalloc.o sound/core/pcm_timer.o sound/core/compress_offload.o
  CC      net/core/scm.o - due to: arch/arm64/include/generated/asm/sysreg-defs.h
  CC      drivers/gpio/gpio-pca953x.o - due to target missing
  CC      fs/nfs_common/nfs_ssc.o - due to: arch/arm64/include/generated/asm/sysreg-defs.h
  AR      mm/built-in.a - due to: mm/filemap.o mm/mempool.o mm/oom_kill.o mm/fadvise.o mm/maccess.o mm/page-writeback.o mm/readahead.o mm/swap.o mm/truncate.o mm/vmscan.o mm/shmem.o mm/util.o mm/mmzone.o mm/vmstat.o mm/backing-dev.o mm/mm_init.o mm/percpu.o mm/slab_common.o mm/compaction.o mm/vmacache.o mm/interval_tree.o mm/list_lru.o mm/workingset.o mm/debug.o mm/gup.o mm/highmem.o mm/memory.o mm/mincore.o mm/mlock.o mm/mmap.o mm/mmu_gather.o mm/mprotect.o mm/mremap.o mm/msync.o mm/page_vma_mapped.o mm/pagewalk.o mm/pgtable-generic.o mm/rmap.o mm/vmalloc.o mm/ioremap.o mm/process_vm_access.o mm/page_alloc.o mm/shuffle.o mm/init-mm.o mm/memblock.o mm/madvise.o mm/page_io.o mm/swap_state.o mm/swapfile.o mm/swap_slots.o mm/frontswap.o mm/zswap.o mm/dmapool.o mm/mempolicy.o mm/sparse.o mm/sparse-vmemmap.o mm/mmu_notifier.o mm/ksm.o mm/slub.o mm/kfence/built-in.a mm/memtest.o mm/migrate.o mm/huge_memory.o mm/khugepaged.o mm/page_counter.o mm/memcontrol.o mm/vmpressure.o mm/swap_cgroup.o mm/memory-failure.o mm/page_owner.o mm/page_pinner.o mm/cleancache.o mm/page_isolation.o mm/zpool.o mm/zbud.o mm/early_ioremap.o mm/cma.o mm/balloon_compaction.o mm/page_ext.o mm/userfaultfd.o mm/page_idle.o mm/frame_vector.o mm/usercopy.o mm/memfd.o mm/page_reporting.o
  CC      kernel/irq/affinity.o - due to: arch/arm64/include/generated/asm/sysreg-defs.h
  CC      crypto/essiv.o - due to: arch/arm64/include/generated/asm/sysreg-defs.h
  CC      net/llc/llc_core.o - due to: arch/arm64/include/generated/asm/sysreg-defs.h
  AR      virt/lib/built-in.a - due to: virt/lib/irqbypass.o
  AR      virt/built-in.a - due to: virt/lib/built-in.a
  CC      net/ethernet/eth.o - due to: arch/arm64/include/generated/asm/sysreg-defs.h
  CC      net/core/gen_stats.o - due to: arch/arm64/include/generated/asm/sysreg-defs.h
  AR      fs/nfs_common/built-in.a - due to: fs/nfs_common/grace.o fs/nfs_common/nfs_ssc.o
  CC      fs/coredump.o - due to: arch/arm64/include/generated/asm/sysreg-defs.h
  AR      kernel/irq/built-in.a - due to: kernel/irq/irqdesc.o kernel/irq/handle.o kernel/irq/manage.o kernel/irq/spurious.o kernel/irq/resend.o kernel/irq/chip.o kernel/irq/dummychip.o kernel/irq/devres.o kernel/irq/autoprobe.o kernel/irq/irqdomain.o kernel/irq/irq_sim.o kernel/irq/proc.o kernel/irq/cpuhotplug.o kernel/irq/pm.o kernel/irq/msi.o kernel/irq/ipi.o kernel/irq/affinity.o
  CC      crypto/ecdh.o - due to: arch/arm64/include/generated/asm/sysreg-defs.h
  CC      net/llc/llc_input.o - due to: arch/arm64/include/generated/asm/sysreg-defs.h
  CC      kernel/dma/mapping.o - due to: arch/arm64/include/generated/asm/sysreg-defs.h
  AR      net/ethernet/built-in.a - due to: net/ethernet/eth.o
  CC      drivers/gpio/gpio-pcf857x.o - due to target missing
  CC      net/core/gen_estimator.o - due to: arch/arm64/include/generated/asm/sysreg-defs.h
  CC      sound/soc/soc-core.o - due to: arch/arm64/include/generated/asm/sysreg-defs.h
  CC      fs/drop_caches.o - due to: arch/arm64/include/generated/asm/sysreg-defs.h
  CC      crypto/ecdh_helper.o - due to: arch/arm64/include/generated/asm/sysreg-defs.h
  CC      net/llc/llc_output.o - due to: arch/arm64/include/generated/asm/sysreg-defs.h
  CC      kernel/dma/direct.o - due to: arch/arm64/include/generated/asm/sysreg-defs.h
  CC      net/core/net_namespace.o - due to: arch/arm64/include/generated/asm/sysreg-defs.h
  CC      fs/fhandle.o - due to: arch/arm64/include/generated/asm/sysreg-defs.h
  CC      sound/soc/soc-dapm.o - due to: arch/arm64/include/generated/asm/sysreg-defs.h
  AS      arch/arm64/lib/clear_page.o - due to: arch/arm64/include/generated/asm/sysreg-defs.h
  AR      net/llc/built-in.a - due to: net/llc/llc_core.o net/llc/llc_input.o net/llc/llc_output.o
  CC      crypto/asymmetric_keys/asymmetric_type.o - due to: arch/arm64/include/generated/asm/sysreg-defs.h
  CC      kernel/entry/kvm.o - due to: arch/arm64/include/generated/asm/sysreg-defs.h
  CC      kernel/dma/ops_helpers.o - due to: arch/arm64/include/generated/asm/sysreg-defs.h
  CC      net/core/secure_seq.o - due to: arch/arm64/include/generated/asm/sysreg-defs.h
  CC      sound/soc/soc-jack.o - due to: arch/arm64/include/generated/asm/sysreg-defs.h
  CC      fs/iomap/trace.o - due to: arch/arm64/include/generated/asm/sysreg-defs.h
  CC      drivers/gpio/gpio-syscon.o - due to target missing
  AS      arch/arm64/lib/clear_user.o - due to: arch/arm64/include/generated/asm/sysreg-defs.h
  CC      crypto/asymmetric_keys/restrict.o - due to: arch/arm64/include/generated/asm/sysreg-defs.h
  AR      kernel/entry/built-in.a - due to: kernel/entry/kvm.o
  CC      kernel/dma/dummy.o - due to: arch/arm64/include/generated/asm/sysreg-defs.h
  CC      fs/iomap/apply.o - due to: arch/arm64/include/generated/asm/sysreg-defs.h
  CC      net/core/flow_dissector.o - due to: arch/arm64/include/generated/asm/sysreg-defs.h
  CC      sound/soc/soc-utils.o - due to: arch/arm64/include/generated/asm/sysreg-defs.h
  CC      net/core/sysctl_net_core.o - due to: arch/arm64/include/generated/asm/sysreg-defs.h
  AS      arch/arm64/lib/copy_from_user.o - due to: arch/arm64/include/generated/asm/sysreg-defs.h
  CC      crypto/asymmetric_keys/signature.o - due to: arch/arm64/include/generated/asm/sysreg-defs.h
  CC      kernel/dma/contiguous.o - due to: arch/arm64/include/generated/asm/sysreg-defs.h
  CC      fs/iomap/buffered-io.o - due to: arch/arm64/include/generated/asm/sysreg-defs.h
  CC      sound/soc/soc-dai.o - due to: arch/arm64/include/generated/asm/sysreg-defs.h
  CC      sound/soc/soc-component.o - due to: arch/arm64/include/generated/asm/sysreg-defs.h
  AS      arch/arm64/lib/copy_in_user.o - due to: arch/arm64/include/generated/asm/sysreg-defs.h
  CC      net/core/dev.o - due to: arch/arm64/include/generated/asm/sysreg-defs.h
  CC      crypto/asymmetric_keys/public_key.o - due to: arch/arm64/include/generated/asm/sysreg-defs.h
  CC      kernel/dma/coherent.o - due to: arch/arm64/include/generated/asm/sysreg-defs.h
  AR      drivers/gpio/built-in.a - due to target missing
make[1]: *** [/home/rebelpilot89/manaus-kernel/Makefile:1912: drivers] Error 2
make[1]: *** Se espera a que terminen otras tareas....
  CC      fs/iomap/direct-io.o - due to: arch/arm64/include/generated/asm/sysreg-defs.h
  CC      net/802/p8022.o - due to: arch/arm64/include/generated/asm/sysreg-defs.h
  AS      arch/arm64/lib/copy_page.o - due to: arch/arm64/include/generated/asm/sysreg-defs.h
  CC      sound/soc/soc-pcm.o - due to: arch/arm64/include/generated/asm/sysreg-defs.h
  CC      fs/quota/dquot.o - due to: arch/arm64/include/generated/asm/sysreg-defs.h
  CC      crypto/asymmetric_keys/x509_cert_parser.o - due to: arch/arm64/include/generated/asm/sysreg-defs.h
  CC      net/core/dev_addr_lists.o - due to: arch/arm64/include/generated/asm/sysreg-defs.h
  CC      kernel/dma/swiotlb.o - due to: arch/arm64/include/generated/asm/sysreg-defs.h
  CC      fs/iomap/fiemap.o - due to: arch/arm64/include/generated/asm/sysreg-defs.h
  CC      net/802/psnap.o - due to: arch/arm64/include/generated/asm/sysreg-defs.h
  AS      arch/arm64/lib/copy_to_user.o - due to: arch/arm64/include/generated/asm/sysreg-defs.h
  CC      sound/soc/soc-devres.o - due to: arch/arm64/include/generated/asm/sysreg-defs.h
  CC      fs/quota/quota_v2.o - due to: arch/arm64/include/generated/asm/sysreg-defs.h
  CC      crypto/asymmetric_keys/x509_public_key.o - due to: arch/arm64/include/generated/asm/sysreg-defs.h
  CC      net/core/dst.o - due to: arch/arm64/include/generated/asm/sysreg-defs.h
  CC      kernel/dma/pool.o - due to: arch/arm64/include/generated/asm/sysreg-defs.h
  CC      fs/iomap/seek.o - due to: arch/arm64/include/generated/asm/sysreg-defs.h
  CC      net/802/stp.o - due to: arch/arm64/include/generated/asm/sysreg-defs.h
  CC      arch/arm64/lib/csum.o - due to: arch/arm64/include/generated/asm/sysreg-defs.h
  CC      fs/quota/quota_tree.o - due to: arch/arm64/include/generated/asm/sysreg-defs.h
  CC      sound/soc/soc-ops.o - due to: arch/arm64/include/generated/asm/sysreg-defs.h
  CC      crypto/asymmetric_keys/pkcs7_parser.o - due to: arch/arm64/include/generated/asm/sysreg-defs.h
  CC      net/core/netevent.o - due to: arch/arm64/include/generated/asm/sysreg-defs.h
  CC      kernel/dma/remap.o - due to: arch/arm64/include/generated/asm/sysreg-defs.h
  CC      fs/iomap/swapfile.o - due to: arch/arm64/include/generated/asm/sysreg-defs.h
  CC      net/802/garp.o - due to: arch/arm64/include/generated/asm/sysreg-defs.h
  CC      arch/arm64/lib/delay.o - due to: arch/arm64/include/generated/asm/sysreg-defs.h
  CC      fs/quota/quota.o - due to: arch/arm64/include/generated/asm/sysreg-defs.h
  CC      sound/soc/soc-link.o - due to: arch/arm64/include/generated/asm/sysreg-defs.h
  CC      crypto/asymmetric_keys/pkcs7_trust.o - due to: arch/arm64/include/generated/asm/sysreg-defs.h
  CC      net/core/neighbour.o - due to: arch/arm64/include/generated/asm/sysreg-defs.h
  AR      kernel/dma/built-in.a - due to: kernel/dma/mapping.o kernel/dma/direct.o kernel/dma/ops_helpers.o kernel/dma/dummy.o kernel/dma/contiguous.o kernel/dma/coherent.o kernel/dma/swiotlb.o kernel/dma/pool.o kernel/dma/remap.o
  CC      kernel/kcmp.o - due to: arch/arm64/include/generated/asm/sysreg-defs.h
  AR      fs/iomap/built-in.a - due to: fs/iomap/trace.o fs/iomap/apply.o fs/iomap/buffered-io.o fs/iomap/direct-io.o fs/iomap/fiemap.o fs/iomap/seek.o fs/iomap/swapfile.o
  AS      arch/arm64/lib/memchr.o - due to: arch/arm64/include/generated/asm/sysreg-defs.h
  CC      kernel/freezer.o - due to: arch/arm64/include/generated/asm/sysreg-defs.h
  CC      net/802/mrp.o - due to: arch/arm64/include/generated/asm/sysreg-defs.h
  CC      fs/quota/kqid.o - due to: arch/arm64/include/generated/asm/sysreg-defs.h
  CC      sound/soc/soc-card.o - due to: arch/arm64/include/generated/asm/sysreg-defs.h
  CC      crypto/asymmetric_keys/pkcs7_verify.o - due to: arch/arm64/include/generated/asm/sysreg-defs.h
  CC      net/core/rtnetlink.o - due to: arch/arm64/include/generated/asm/sysreg-defs.h
/tmp/memchr-86677c.s:1091:1: warning: memchr changed binding to STB_WEAK
.weak memchr
^
  AS      arch/arm64/lib/memcmp.o - due to: arch/arm64/include/generated/asm/sysreg-defs.h
  CC      kernel/profile.o - due to: arch/arm64/include/generated/asm/sysreg-defs.h
  AR      net/802/built-in.a - due to: net/802/p8022.o net/802/psnap.o net/802/stp.o net/802/garp.o net/802/mrp.o
  CC      kernel/stacktrace.o - due to: arch/arm64/include/generated/asm/sysreg-defs.h
  AR      fs/quota/built-in.a - due to: fs/quota/dquot.o fs/quota/quota_v2.o fs/quota/quota_tree.o fs/quota/quota.o fs/quota/kqid.o
  CC      net/sched/sch_generic.o - due to: arch/arm64/include/generated/asm/sysreg-defs.h
  CC      sound/soc/soc-compress.o - due to: arch/arm64/include/generated/asm/sysreg-defs.h
  AR      crypto/asymmetric_keys/built-in.a - due to: crypto/asymmetric_keys/asymmetric_type.o crypto/asymmetric_keys/restrict.o crypto/asymmetric_keys/signature.o crypto/asymmetric_keys/public_key.o crypto/asymmetric_keys/x509_cert_parser.o crypto/asymmetric_keys/x509_public_key.o crypto/asymmetric_keys/pkcs7_parser.o crypto/asymmetric_keys/pkcs7_trust.o crypto/asymmetric_keys/pkcs7_verify.o
  AR      crypto/built-in.a - due to: crypto/api.o crypto/cipher.o crypto/compress.o crypto/algapi.o crypto/scatterwalk.o crypto/proc.o crypto/aead.o crypto/geniv.o crypto/skcipher.o crypto/seqiv.o crypto/echainiv.o crypto/ahash.o crypto/shash.o crypto/akcipher.o crypto/kpp.o crypto/dh.o crypto/dh_helper.o crypto/rsa.o crypto/rsa-pkcs1pad.o crypto/acompress.o crypto/scompress.o crypto/algboss.o crypto/testmgr.o crypto/cmac.o crypto/hmac.o crypto/xcbc.o crypto/crypto_null.o crypto/md5.o crypto/sha1_generic.o crypto/sha256_generic.o crypto/sha512_generic.o crypto/sm3_generic.o crypto/blake2b_generic.o crypto/gf128mul.o crypto/ecb.o crypto/cbc.o crypto/cts.o crypto/xts.o crypto/ctr.o crypto/adiantum.o crypto/nhpoly1305.o crypto/gcm.o crypto/ccm.o crypto/chacha20poly1305.o crypto/des_generic.o crypto/aes_generic.o crypto/sm4_generic.o crypto/chacha_generic.o crypto/poly1305_generic.o crypto/deflate.o crypto/crc32c_generic.o crypto/crc32_generic.o crypto/crct10dif_common.o crypto/crct10dif_generic.o crypto/authenc.o crypto/authencesn.o crypto/lzo.o crypto/lzo-rle.o crypto/lz4.o crypto/xxhash_generic.o crypto/rng.o crypto/ansi_cprng.o crypto/drbg.o crypto/jitterentropy-kcapi.o crypto/ghash-generic.o crypto/af_alg.o crypto/algif_rng.o crypto/zstd.o crypto/ecc.o crypto/essiv.o crypto/ecdh.o crypto/ecdh_helper.o crypto/asymmetric_keys/built-in.a
  AS      arch/arm64/lib/memcpy.o - due to: arch/arm64/include/generated/asm/sysreg-defs.h
  CC      net/core/utils.o - due to: arch/arm64/include/generated/asm/sysreg-defs.h
/tmp/memcmp-772e7e.s:1161:1: warning: memcmp changed binding to STB_WEAK
.weak memcmp
^
  CC      net/netlink/af_netlink.o - due to: arch/arm64/include/generated/asm/sysreg-defs.h
  CC      net/sched/sch_mq.o - due to: arch/arm64/include/generated/asm/sysreg-defs.h
  CC      fs/kernfs/mount.o - due to: arch/arm64/include/generated/asm/sysreg-defs.h
  CC      kernel/time/time.o - due to: arch/arm64/include/generated/asm/sysreg-defs.h
  CC [M]  sound/soc/codecs/mt6368.o - due to: arch/arm64/include/generated/asm/sysreg-defs.h
/tmp/memcpy-5a15e4.s:1237:1: warning: memcpy changed binding to STB_WEAK
.weak memcpy
^
  AS      arch/arm64/lib/memmove.o - due to: arch/arm64/include/generated/asm/sysreg-defs.h
  CC      net/core/link_watch.o - due to: arch/arm64/include/generated/asm/sysreg-defs.h
  CC      net/sched/sch_api.o - due to: arch/arm64/include/generated/asm/sysreg-defs.h
  CC      net/netlink/genetlink.o - due to: arch/arm64/include/generated/asm/sysreg-defs.h
  CC      fs/kernfs/inode.o - due to: arch/arm64/include/generated/asm/sysreg-defs.h
  CC      kernel/time/timer.o - due to: arch/arm64/include/generated/asm/sysreg-defs.h
  AS      arch/arm64/lib/memset.o - due to: arch/arm64/include/generated/asm/sysreg-defs.h
  CC      net/core/filter.o - due to: arch/arm64/include/generated/asm/sysreg-defs.h
  CC      net/sched/sch_blackhole.o - due to: arch/arm64/include/generated/asm/sysreg-defs.h
  CC      net/netlink/policy.o - due to: arch/arm64/include/generated/asm/sysreg-defs.h
  CC      fs/kernfs/dir.o - due to: arch/arm64/include/generated/asm/sysreg-defs.h
  CC [M]  sound/soc/codecs/richtek/rt5512.o - due to: arch/arm64/include/generated/asm/sysreg-defs.h
  CC      kernel/time/hrtimer.o - due to: arch/arm64/include/generated/asm/sysreg-defs.h
  AS      arch/arm64/lib/strchr.o - due to: arch/arm64/include/generated/asm/sysreg-defs.h
  CC      fs/proc/task_mmu.o - due to: arch/arm64/include/generated/asm/sysreg-defs.h
  CC      net/core/sock_diag.o - due to: arch/arm64/include/generated/asm/sysreg-defs.h
  CC      net/sched/cls_api.o - due to: arch/arm64/include/generated/asm/sysreg-defs.h
  AR      net/netlink/built-in.a - due to: net/netlink/af_netlink.o net/netlink/genetlink.o net/netlink/policy.o
  CC      kernel/futex/core.o - due to: arch/arm64/include/generated/asm/sysreg-defs.h
  CC      fs/kernfs/file.o - due to: arch/arm64/include/generated/asm/sysreg-defs.h
  CC [M]  sound/soc/codecs/richtek/richtek_spm_cls.o - due to: arch/arm64/include/generated/asm/sysreg-defs.h
/tmp/strchr-be18b8.s:1071:1: warning: strchr changed binding to STB_WEAK
.weak strchr
^
  CC      kernel/time/timekeeping.o - due to: arch/arm64/include/generated/asm/sysreg-defs.h
  AS      arch/arm64/lib/strcmp.o - due to: arch/arm64/include/generated/asm/sysreg-defs.h
  CC      fs/proc/inode.o - due to: arch/arm64/include/generated/asm/sysreg-defs.h
  CC      net/core/dev_ioctl.o - due to: arch/arm64/include/generated/asm/sysreg-defs.h
  CC      net/sched/act_api.o - due to: arch/arm64/include/generated/asm/sysreg-defs.h
  AR      kernel/futex/built-in.a - due to: kernel/futex/core.o
  CC      fs/kernfs/symlink.o - due to: arch/arm64/include/generated/asm/sysreg-defs.h
  CC      net/bpf/test_run.o - due to: arch/arm64/include/generated/asm/sysreg-defs.h
  AR [M]  sound/soc/codecs/richtek/snd-soc-rt5512.o - due to: sound/soc/codecs/richtek/rt5512.o
/tmp/strcmp-f485ab.s:1170:1: warning: strcmp changed binding to STB_WEAK
.weak strcmp
^
  AS      arch/arm64/lib/strlen.o - due to: arch/arm64/include/generated/asm/sysreg-defs.h
  CC      kernel/time/ntp.o - due to: arch/arm64/include/generated/asm/sysreg-defs.h
  CC      fs/proc/root.o - due to: arch/arm64/include/generated/asm/sysreg-defs.h
  CC [M]  sound/soc/codecs/aw882xx_dlkm/aw882xx.o - due to: arch/arm64/include/generated/asm/sysreg-defs.h
  CC      net/core/tso.o - due to: arch/arm64/include/generated/asm/sysreg-defs.h
  CC      net/sched/act_gact.o - due to: arch/arm64/include/generated/asm/sysreg-defs.h
  AR      fs/kernfs/built-in.a - due to: fs/kernfs/mount.o fs/kernfs/inode.o fs/kernfs/dir.o fs/kernfs/file.o fs/kernfs/symlink.o
  AR      net/bpf/built-in.a - due to: net/bpf/test_run.o
/tmp/strlen-da2cb0.s:1172:1: warning: strlen changed binding to STB_WEAK
.weak strlen
^
  AS      arch/arm64/lib/strncmp.o - due to: arch/arm64/include/generated/asm/sysreg-defs.h
  CC      kernel/time/clocksource.o - due to: arch/arm64/include/generated/asm/sysreg-defs.h
  CC      net/ethtool/ioctl.o - due to: arch/arm64/include/generated/asm/sysreg-defs.h include/generated/utsrelease.h
  CC      fs/proc/base.o - due to: arch/arm64/include/generated/asm/sysreg-defs.h
  CC      net/core/sock_reuseport.o - due to: arch/arm64/include/generated/asm/sysreg-defs.h
  CC [M]  sound/soc/codecs/aw882xx_dlkm/aw882xx_bin_parse.o - due to: arch/arm64/include/generated/asm/sysreg-defs.h
  CC      net/sched/act_mirred.o - due to: arch/arm64/include/generated/asm/sysreg-defs.h
  CC      net/netfilter/core.o - due to: arch/arm64/include/generated/asm/sysreg-defs.h
/tmp/strncmp-cfaa69.s:1220:1: warning: strncmp changed binding to STB_WEAK
.weak strncmp
^
  AS      arch/arm64/lib/strnlen.o - due to: arch/arm64/include/generated/asm/sysreg-defs.h
  CC      kernel/time/jiffies.o - due to: arch/arm64/include/generated/asm/sysreg-defs.h
  CC [M]  sound/soc/codecs/aw882xx_dlkm/aw882xx_calib.o - due to: arch/arm64/include/generated/asm/sysreg-defs.h
  CC      net/core/fib_notifier.o - due to: arch/arm64/include/generated/asm/sysreg-defs.h
  CC      fs/proc/generic.o - due to: arch/arm64/include/generated/asm/sysreg-defs.h
  CC      net/sched/act_bpf.o - due to: arch/arm64/include/generated/asm/sysreg-defs.h
  AS      arch/arm64/lib/strrchr.o - due to: arch/arm64/include/generated/asm/sysreg-defs.h
  CC      net/netfilter/nf_log.o - due to: arch/arm64/include/generated/asm/sysreg-defs.h
  CC      kernel/time/timer_list.o - due to: arch/arm64/include/generated/asm/sysreg-defs.h
  CC [M]  sound/soc/codecs/aw882xx_dlkm/aw882xx_device.o - due to: arch/arm64/include/generated/asm/sysreg-defs.h
  CC      net/core/xdp.o - due to: arch/arm64/include/generated/asm/sysreg-defs.h
  CC      fs/proc/array.o - due to: arch/arm64/include/generated/asm/sysreg-defs.h
  CC      net/sched/act_gate.o - due to: arch/arm64/include/generated/asm/sysreg-defs.h
  AS      arch/arm64/lib/tishift.o - due to: arch/arm64/include/generated/asm/sysreg-defs.h
  CC      net/netfilter/nf_queue.o - due to: arch/arm64/include/generated/asm/sysreg-defs.h
  CC      kernel/time/timeconv.o - due to: arch/arm64/include/generated/asm/sysreg-defs.h
  CC [M]  sound/soc/codecs/aw882xx_dlkm/aw882xx_dsp.o - due to: arch/arm64/include/generated/asm/sysreg-defs.h
  CC      net/core/flow_offload.o - due to: arch/arm64/include/generated/asm/sysreg-defs.h
  CC      net/sched/sch_fifo.o - due to: arch/arm64/include/generated/asm/sysreg-defs.h
  CC      fs/proc/fd.o - due to: arch/arm64/include/generated/asm/sysreg-defs.h
  AS      arch/arm64/lib/mte.o - due to: arch/arm64/include/generated/asm/sysreg-defs.h
  CC      kernel/time/alarmtimer.o - due to: arch/arm64/include/generated/asm/sysreg-defs.h
  CC      net/netfilter/nf_sockopt.o - due to: arch/arm64/include/generated/asm/sysreg-defs.h
  CC      net/core/net-sysfs.o - due to: arch/arm64/include/generated/asm/sysreg-defs.h
  CC [M]  sound/soc/codecs/aw882xx_dlkm/aw882xx_init.o - due to: arch/arm64/include/generated/asm/sysreg-defs.h
  CC      net/sched/sch_ingress.o - due to: arch/arm64/include/generated/asm/sysreg-defs.h
  CC      fs/proc/proc_tty.o - due to: arch/arm64/include/generated/asm/sysreg-defs.h
  AR      arch/arm64/lib/lib.a - due to: arch/arm64/lib/clear_page.o arch/arm64/lib/clear_user.o arch/arm64/lib/copy_from_user.o arch/arm64/lib/copy_in_user.o arch/arm64/lib/copy_page.o arch/arm64/lib/copy_to_user.o arch/arm64/lib/csum.o arch/arm64/lib/delay.o arch/arm64/lib/memchr.o arch/arm64/lib/memcmp.o arch/arm64/lib/memcpy.o arch/arm64/lib/memmove.o arch/arm64/lib/memset.o arch/arm64/lib/strchr.o arch/arm64/lib/strcmp.o arch/arm64/lib/strlen.o arch/arm64/lib/strncmp.o arch/arm64/lib/strnlen.o arch/arm64/lib/strrchr.o arch/arm64/lib/tishift.o
  AR      arch/arm64/lib/built-in.a - due to: arch/arm64/lib/mte.o
  CC      sound/last.o - due to: arch/arm64/include/generated/asm/sysreg-defs.h
  CC      net/netfilter/utils.o - due to: arch/arm64/include/generated/asm/sysreg-defs.h
  CC      kernel/time/posix-timers.o - due to: arch/arm64/include/generated/asm/sysreg-defs.h
  CC [M]  sound/soc/codecs/aw882xx_dlkm/aw882xx_monitor.o - due to: arch/arm64/include/generated/asm/sysreg-defs.h
  CC      net/core/page_pool.o - due to: arch/arm64/include/generated/asm/sysreg-defs.h
  CC      net/sched/sch_mqprio.o - due to: arch/arm64/include/generated/asm/sysreg-defs.h
  CC      fs/proc/cmdline.o - due to: arch/arm64/include/generated/asm/sysreg-defs.h
  CC      fs/proc/consoles.o - due to: arch/arm64/include/generated/asm/sysreg-defs.h
  CC      net/netfilter/nfnetlink.o - due to: arch/arm64/include/generated/asm/sysreg-defs.h
  CC      kernel/time/posix-cpu-timers.o - due to: arch/arm64/include/generated/asm/sysreg-defs.h
  CC [M]  sound/soc/codecs/aw882xx_dlkm/aw882xx_spin.o - due to: arch/arm64/include/generated/asm/sysreg-defs.h
  CC      net/core/net-procfs.o - due to: arch/arm64/include/generated/asm/sysreg-defs.h
  CC      net/core/fib_rules.o - due to: arch/arm64/include/generated/asm/sysreg-defs.h
  CC      net/sched/sch_cbs.o - due to: arch/arm64/include/generated/asm/sysreg-defs.h
  CC      fs/proc/cpuinfo.o - due to: arch/arm64/include/generated/asm/sysreg-defs.h
  CC      net/netfilter/nfnetlink_queue.o - due to: arch/arm64/include/generated/asm/sysreg-defs.h
  CC      kernel/time/posix-clock.o - due to: arch/arm64/include/generated/asm/sysreg-defs.h
  AR [M]  sound/soc/codecs/aw882xx_dlkm/aw882xx_dlkm.o - due to: sound/soc/codecs/aw882xx_dlkm/aw882xx.o sound/soc/codecs/aw882xx_dlkm/aw882xx_bin_parse.o sound/soc/codecs/aw882xx_dlkm/aw882xx_calib.o sound/soc/codecs/aw882xx_dlkm/aw882xx_device.o sound/soc/codecs/aw882xx_dlkm/aw882xx_dsp.o sound/soc/codecs/aw882xx_dlkm/aw882xx_init.o sound/soc/codecs/aw882xx_dlkm/aw882xx_monitor.o sound/soc/codecs/aw882xx_dlkm/aw882xx_spin.o
  CC      net/core/net-traces.o - due to: arch/arm64/include/generated/asm/sysreg-defs.h
  CC      fs/sysfs/file.o - due to: arch/arm64/include/generated/asm/sysreg-defs.h
  AR [M]  sound/soc/codecs/snd-soc-mt6368.o - due to: sound/soc/codecs/mt6368.o
  CC      net/sched/sch_etf.o - due to: arch/arm64/include/generated/asm/sysreg-defs.h
  CC      fs/proc/devices.o - due to: arch/arm64/include/generated/asm/sysreg-defs.h
  CC      net/netfilter/nfnetlink_log.o - due to: arch/arm64/include/generated/asm/sysreg-defs.h
  CC      sound/soc/mediatek/audio_scp/scp_audio_ipi.o - due to: arch/arm64/include/generated/asm/sysreg-defs.h
  CC      kernel/time/itimer.o - due to: arch/arm64/include/generated/asm/sysreg-defs.h
  CC      net/core/ptp_classifier.o - due to: arch/arm64/include/generated/asm/sysreg-defs.h
  CC      fs/sysfs/dir.o - due to: arch/arm64/include/generated/asm/sysreg-defs.h
  CC      net/sched/sch_taprio.o - due to: arch/arm64/include/generated/asm/sysreg-defs.h
  CC      fs/proc/interrupts.o - due to: arch/arm64/include/generated/asm/sysreg-defs.h
  CC      net/netfilter/nf_conntrack_core.o - due to: arch/arm64/include/generated/asm/sysreg-defs.h
  CC      sound/soc/mediatek/audio_scp/audio_mbox.o - due to: arch/arm64/include/generated/asm/sysreg-defs.h
  CC      kernel/time/clockevents.o - due to: arch/arm64/include/generated/asm/sysreg-defs.h
  CC      fs/sysfs/symlink.o - due to: arch/arm64/include/generated/asm/sysreg-defs.h
  CC      net/core/netprio_cgroup.o - due to: arch/arm64/include/generated/asm/sysreg-defs.h
  CC      fs/proc/loadavg.o - due to: arch/arm64/include/generated/asm/sysreg-defs.h
  CC      net/sched/cls_basic.o - due to: arch/arm64/include/generated/asm/sysreg-defs.h
  CC      net/netfilter/nf_conntrack_standalone.o - due to: arch/arm64/include/generated/asm/sysreg-defs.h
  CC      sound/soc/mediatek/audio_scp/scp_audio_buf.o - due to: arch/arm64/include/generated/asm/sysreg-defs.h
  CC      kernel/time/tick-common.o - due to: arch/arm64/include/generated/asm/sysreg-defs.h
  CC      fs/sysfs/mount.o - due to: arch/arm64/include/generated/asm/sysreg-defs.h
  CC      net/core/netclassid_cgroup.o - due to: arch/arm64/include/generated/asm/sysreg-defs.h
  CC      fs/proc/meminfo.o - due to: arch/arm64/include/generated/asm/sysreg-defs.h
  CC      net/sched/cls_cgroup.o - due to: arch/arm64/include/generated/asm/sysreg-defs.h
  CC      net/netfilter/nf_conntrack_expect.o - due to: arch/arm64/include/generated/asm/sysreg-defs.h
  CC      sound/soc/mediatek/audio_scp/mtk-scp-audio-driver.o - due to: arch/arm64/include/generated/asm/sysreg-defs.h
  CC      kernel/time/tick-broadcast.o - due to: arch/arm64/include/generated/asm/sysreg-defs.h
  CC      fs/sysfs/group.o - due to: arch/arm64/include/generated/asm/sysreg-defs.h
  CC      net/core/dst_cache.o - due to: arch/arm64/include/generated/asm/sysreg-defs.h
  CC      fs/proc/stat.o - due to: arch/arm64/include/generated/asm/sysreg-defs.h
  CC      net/sched/cls_bpf.o - due to: arch/arm64/include/generated/asm/sysreg-defs.h
  CC      net/netfilter/nf_conntrack_helper.o - due to: arch/arm64/include/generated/asm/sysreg-defs.h
  CC      net/ethtool/common.o - due to: arch/arm64/include/generated/asm/sysreg-defs.h
  CC      sound/soc/mediatek/audio_scp/mtk-scp-audio-pcm.o - due to: arch/arm64/include/generated/asm/sysreg-defs.h
  AR      fs/sysfs/built-in.a - due to: fs/sysfs/file.o fs/sysfs/dir.o fs/sysfs/symlink.o fs/sysfs/mount.o fs/sysfs/group.o
  CC      kernel/time/tick-broadcast-hrtimer.o - due to: arch/arm64/include/generated/asm/sysreg-defs.h
  CC      net/core/devlink.o - due to: arch/arm64/include/generated/asm/sysreg-defs.h
  CC [M]  sound/soc/mediatek/common/mtk-afe-platform-driver.o - due to: arch/arm64/include/generated/asm/sysreg-defs.h
  CC      fs/proc/uptime.o - due to: arch/arm64/include/generated/asm/sysreg-defs.h
  CC      net/sched/cls_flower.o - due to: arch/arm64/include/generated/asm/sysreg-defs.h
  CC      net/netfilter/nf_conntrack_proto.o - due to: arch/arm64/include/generated/asm/sysreg-defs.h
  CC      net/ethtool/netlink.o - due to: arch/arm64/include/generated/asm/sysreg-defs.h
  CC      sound/soc/mediatek/audio_scp/mtk-scp-audio-mem-control.o - due to: arch/arm64/include/generated/asm/sysreg-defs.h
  CC      kernel/time/sched_clock.o - due to: arch/arm64/include/generated/asm/sysreg-defs.h
  CC      net/core/gro_cells.o - due to: arch/arm64/include/generated/asm/sysreg-defs.h
  CC [M]  sound/soc/mediatek/common/mtk-afe-fe-dai.o - due to: arch/arm64/include/generated/asm/sysreg-defs.h
  CC      fs/proc/util.o - due to: arch/arm64/include/generated/asm/sysreg-defs.h
  AR      net/sched/built-in.a - due to: net/sched/sch_generic.o net/sched/sch_mq.o net/sched/sch_api.o net/sched/sch_blackhole.o net/sched/cls_api.o net/sched/act_api.o net/sched/act_gact.o net/sched/act_mirred.o net/sched/act_bpf.o net/sched/act_gate.o net/sched/sch_fifo.o net/sched/sch_ingress.o net/sched/sch_mqprio.o net/sched/sch_cbs.o net/sched/sch_etf.o net/sched/sch_taprio.o net/sched/cls_basic.o net/sched/cls_cgroup.o net/sched/cls_bpf.o net/sched/cls_flower.o
  CC      net/netfilter/nf_conntrack_proto_generic.o - due to: arch/arm64/include/generated/asm/sysreg-defs.h
  CC [M]  sound/soc/mediatek/mt6879/mt6879-afe-pcm.o - due to: arch/arm64/include/generated/asm/sysreg-defs.h
  CC      net/ethtool/bitset.o - due to: arch/arm64/include/generated/asm/sysreg-defs.h
  AR      sound/soc/mediatek/audio_scp/built-in.a - due to: sound/soc/mediatek/audio_scp/scp_audio_ipi.o sound/soc/mediatek/audio_scp/audio_mbox.o sound/soc/mediatek/audio_scp/scp_audio_buf.o sound/soc/mediatek/audio_scp/mtk-scp-audio-driver.o sound/soc/mediatek/audio_scp/mtk-scp-audio-pcm.o sound/soc/mediatek/audio_scp/mtk-scp-audio-mem-control.o
  CC      kernel/smp.o - due to: arch/arm64/include/generated/asm/sysreg-defs.h
  CC      kernel/time/tick-oneshot.o - due to: arch/arm64/include/generated/asm/sysreg-defs.h
  CC      net/core/failover.o - due to: arch/arm64/include/generated/asm/sysreg-defs.h
  CC [M]  sound/soc/mediatek/common/mtk-mmap-ion.o - due to: arch/arm64/include/generated/asm/sysreg-defs.h
  CC      fs/proc/version.o - due to: arch/arm64/include/generated/asm/sysreg-defs.h
  CC      net/netfilter/nf_conntrack_proto_tcp.o - due to: arch/arm64/include/generated/asm/sysreg-defs.h
  CC [M]  sound/soc/mediatek/mt6879/mt6879-afe-clk.o - due to: arch/arm64/include/generated/asm/sysreg-defs.h
  CC      net/ethtool/strset.o - due to: arch/arm64/include/generated/asm/sysreg-defs.h
  CC      kernel/time/tick-sched.o - due to: arch/arm64/include/generated/asm/sysreg-defs.h
  CC [M]  sound/soc/mediatek/vow/mtk-scp-vow.o - due to: arch/arm64/include/generated/asm/sysreg-defs.h
  CC [M]  sound/soc/mediatek/common/mtk-usip.o - due to: arch/arm64/include/generated/asm/sysreg-defs.h
  CC      net/core/bpf_sk_storage.o - due to: arch/arm64/include/generated/asm/sysreg-defs.h
  CC      fs/proc/softirqs.o - due to: arch/arm64/include/generated/asm/sysreg-defs.h
  CC      net/netfilter/nf_conntrack_proto_udp.o - due to: arch/arm64/include/generated/asm/sysreg-defs.h
  CC [M]  sound/soc/mediatek/mt6879/mt6879-afe-gpio.o - due to: arch/arm64/include/generated/asm/sysreg-defs.h
  CC      net/ethtool/linkinfo.o - due to: arch/arm64/include/generated/asm/sysreg-defs.h
  CC      kernel/time/vsyscall.o - due to: arch/arm64/include/generated/asm/sysreg-defs.h
  CC      fs/configfs/inode.o - due to: arch/arm64/include/generated/asm/sysreg-defs.h
  AR      net/core/built-in.a - due to: net/core/sock.o net/core/request_sock.o net/core/skbuff.o net/core/datagram.o net/core/stream.o net/core/scm.o net/core/gen_stats.o net/core/gen_estimator.o net/core/net_namespace.o net/core/secure_seq.o net/core/flow_dissector.o net/core/sysctl_net_core.o net/core/dev.o net/core/dev_addr_lists.o net/core/dst.o net/core/netevent.o net/core/neighbour.o net/core/rtnetlink.o net/core/utils.o net/core/link_watch.o net/core/filter.o net/core/sock_diag.o net/core/dev_ioctl.o net/core/tso.o net/core/sock_reuseport.o net/core/fib_notifier.o net/core/xdp.o net/core/flow_offload.o net/core/net-sysfs.o net/core/page_pool.o net/core/net-procfs.o net/core/fib_rules.o net/core/net-traces.o net/core/ptp_classifier.o net/core/netprio_cgroup.o net/core/netclassid_cgroup.o net/core/dst_cache.o net/core/devlink.o net/core/gro_cells.o net/core/failover.o net/core/bpf_sk_storage.o
  CC [M]  sound/soc/mediatek/common/mtk-sram-manager.o - due to: arch/arm64/include/generated/asm/sysreg-defs.h
  CC [M]  sound/soc/mediatek/common/mtk-sp-pcm-ops.o - due to: arch/arm64/include/generated/asm/sysreg-defs.h
  CC      fs/proc/namespaces.o - due to: arch/arm64/include/generated/asm/sysreg-defs.h
  CC      net/netfilter/nf_conntrack_proto_icmp.o - due to: arch/arm64/include/generated/asm/sysreg-defs.h
  CC [M]  sound/soc/mediatek/mt6879/mt6879-dai-adda.o - due to: arch/arm64/include/generated/asm/sysreg-defs.h
  CC      kernel/time/timekeeping_debug.o - due to: arch/arm64/include/generated/asm/sysreg-defs.h
  CC      net/ethtool/linkmodes.o - due to: arch/arm64/include/generated/asm/sysreg-defs.h
  CC      fs/configfs/file.o - due to: arch/arm64/include/generated/asm/sysreg-defs.h
  CC      fs/configfs/dir.o - due to: arch/arm64/include/generated/asm/sysreg-defs.h
  CC [M]  sound/soc/mediatek/common/mtk-afe-debug.o - due to: arch/arm64/include/generated/asm/sysreg-defs.h
  CC      fs/proc/self.o - due to: arch/arm64/include/generated/asm/sysreg-defs.h
  CC      net/netfilter/nf_conntrack_extend.o - due to: arch/arm64/include/generated/asm/sysreg-defs.h
  CC [M]  sound/soc/mediatek/mt6879/mt6879-afe-control.o - due to: arch/arm64/include/generated/asm/sysreg-defs.h
  CC      kernel/time/namespace.o - due to: arch/arm64/include/generated/asm/sysreg-defs.h
  CC      net/ethtool/linkstate.o - due to: arch/arm64/include/generated/asm/sysreg-defs.h
  CC      kernel/uid16.o - due to: arch/arm64/include/generated/asm/sysreg-defs.h
  CC      fs/configfs/symlink.o - due to: arch/arm64/include/generated/asm/sysreg-defs.h
  CC [M]  sound/soc/mediatek/common/mtk-afe-external.o - due to: arch/arm64/include/generated/asm/sysreg-defs.h
  CC      fs/proc/thread_self.o - due to: arch/arm64/include/generated/asm/sysreg-defs.h
  CC      net/netfilter/nf_conntrack_acct.o - due to: arch/arm64/include/generated/asm/sysreg-defs.h
  CC [M]  sound/soc/mediatek/mt6879/mt6879-dai-i2s.o - due to: arch/arm64/include/generated/asm/sysreg-defs.h
  AR      kernel/time/built-in.a - due to: kernel/time/time.o kernel/time/timer.o kernel/time/hrtimer.o kernel/time/timekeeping.o kernel/time/ntp.o kernel/time/clocksource.o kernel/time/jiffies.o kernel/time/timer_list.o kernel/time/timeconv.o kernel/time/alarmtimer.o kernel/time/posix-timers.o kernel/time/posix-cpu-timers.o kernel/time/posix-clock.o kernel/time/itimer.o kernel/time/clockevents.o kernel/time/tick-common.o kernel/time/tick-broadcast.o kernel/time/tick-broadcast-hrtimer.o kernel/time/sched_clock.o kernel/time/tick-oneshot.o kernel/time/tick-sched.o kernel/time/vsyscall.o kernel/time/timekeeping_debug.o kernel/time/namespace.o
  CC      fs/configfs/mount.o - due to: arch/arm64/include/generated/asm/sysreg-defs.h
  CC      net/ethtool/debug.o - due to: arch/arm64/include/generated/asm/sysreg-defs.h
  CC      kernel/module.o - due to: arch/arm64/include/generated/asm/sysreg-defs.h include/generated/utsrelease.h
  CC [M]  sound/soc/mediatek/audio_dsp/audio_buf.o - due to: arch/arm64/include/generated/asm/sysreg-defs.h
  CC [M]  sound/soc/mediatek/common/mtk-sp-spk-amp.o - due to: arch/arm64/include/generated/asm/sysreg-defs.h
  CC      fs/proc/proc_sysctl.o - due to: arch/arm64/include/generated/asm/sysreg-defs.h
  CC [M]  sound/soc/mediatek/mt6879/mt6879-dai-hw-gain.o - due to: arch/arm64/include/generated/asm/sysreg-defs.h
  CC      net/netfilter/nf_conntrack_seqadj.o - due to: arch/arm64/include/generated/asm/sysreg-defs.h
  CC      fs/configfs/item.o - due to: arch/arm64/include/generated/asm/sysreg-defs.h
  CC      net/ethtool/wol.o - due to: arch/arm64/include/generated/asm/sysreg-defs.h
  CC [M]  sound/soc/mediatek/common/mtk-btcvsd.o - due to: arch/arm64/include/generated/asm/sysreg-defs.h
  CC [M]  sound/soc/mediatek/audio_dsp/mtk-dsp-dai.o - due to: arch/arm64/include/generated/asm/sysreg-defs.h
  CC      fs/proc/proc_net.o - due to: arch/arm64/include/generated/asm/sysreg-defs.h
  CC [M]  sound/soc/mediatek/mt6879/mt6879-dai-src.o - due to: arch/arm64/include/generated/asm/sysreg-defs.h
  CC      net/netfilter/nf_conntrack_proto_icmpv6.o - due to: arch/arm64/include/generated/asm/sysreg-defs.h
  CC      net/ethtool/features.o - due to: arch/arm64/include/generated/asm/sysreg-defs.h
  AR      fs/configfs/built-in.a - due to: fs/configfs/inode.o fs/configfs/file.o fs/configfs/dir.o fs/configfs/symlink.o fs/configfs/mount.o fs/configfs/item.o
  AR [M]  sound/soc/mediatek/common/snd-soc-mtk-common.o - due to: sound/soc/mediatek/common/mtk-afe-platform-driver.o sound/soc/mediatek/common/mtk-afe-fe-dai.o sound/soc/mediatek/common/mtk-mmap-ion.o sound/soc/mediatek/common/mtk-usip.o sound/soc/mediatek/common/mtk-sram-manager.o sound/soc/mediatek/common/mtk-sp-pcm-ops.o sound/soc/mediatek/common/mtk-afe-debug.o
  CC [M]  sound/soc/mediatek/audio_dsp/mtk-dsp-pcm.o - due to: arch/arm64/include/generated/asm/sysreg-defs.h
  CC      fs/proc/vmcore.o - due to: arch/arm64/include/generated/asm/sysreg-defs.h
  CC      kernel/kallsyms.o - due to: arch/arm64/include/generated/asm/sysreg-defs.h
  CC [M]  sound/soc/mediatek/mt6879/mt6879-dai-pcm.o - due to: arch/arm64/include/generated/asm/sysreg-defs.h
  CC      net/netfilter/nf_conntrack_timestamp.o - due to: arch/arm64/include/generated/asm/sysreg-defs.h
  CC      net/ethtool/privflags.o - due to: arch/arm64/include/generated/asm/sysreg-defs.h
  CC [M]  sound/soc/mediatek/audio_dsp/mtk-dsp-common.o - due to: arch/arm64/include/generated/asm/sysreg-defs.h
  CC      fs/proc/kmsg.o - due to: arch/arm64/include/generated/asm/sysreg-defs.h
  CC      net/ipv4/route.o - due to: arch/arm64/include/generated/asm/sysreg-defs.h
  CC [M]  sound/soc/mediatek/mt6879/mt6879-dai-hostless.o - due to: arch/arm64/include/generated/asm/sysreg-defs.h
  CC      fs/devpts/inode.o - due to: arch/arm64/include/generated/asm/sysreg-defs.h
  CC      net/netfilter/nf_conntrack_ecache.o - due to: arch/arm64/include/generated/asm/sysreg-defs.h
  CC      net/ethtool/rings.o - due to: arch/arm64/include/generated/asm/sysreg-defs.h
  CC      fs/proc/page.o - due to: arch/arm64/include/generated/asm/sysreg-defs.h
  CC [M]  sound/soc/mediatek/audio_dsp/mtk-dsp-platform-driver.o - due to: arch/arm64/include/generated/asm/sysreg-defs.h
  CC [M]  sound/soc/mediatek/mt6879/mt6879-misc-control.o - due to: arch/arm64/include/generated/asm/sysreg-defs.h
  CC      net/ipv4/inetpeer.o - due to: arch/arm64/include/generated/asm/sysreg-defs.h
  AR      fs/devpts/built-in.a - due to: fs/devpts/inode.o
  CC      kernel/acct.o - due to: arch/arm64/include/generated/asm/sysreg-defs.h
  CC      net/ethtool/channels.o - due to: arch/arm64/include/generated/asm/sysreg-defs.h
  CC      net/netfilter/nf_conntrack_labels.o - due to: arch/arm64/include/generated/asm/sysreg-defs.h
  CC      fs/proc/bootconfig.o - due to: arch/arm64/include/generated/asm/sysreg-defs.h
  CC [M]  sound/soc/mediatek/audio_dsp/mtk-dsp-mem-control.o - due to: arch/arm64/include/generated/asm/sysreg-defs.h
  CC [M]  sound/soc/mediatek/mt6879/mt6879-mt6368.o - due to: arch/arm64/include/generated/asm/sysreg-defs.h
  CC      net/ipv4/protocol.o - due to: arch/arm64/include/generated/asm/sysreg-defs.h
  CC      net/ethtool/coalesce.o - due to: arch/arm64/include/generated/asm/sysreg-defs.h
  CC      net/xfrm/xfrm_policy.o - due to: arch/arm64/include/generated/asm/sysreg-defs.h
  CC      net/netfilter/nf_conntrack_proto_dccp.o - due to: arch/arm64/include/generated/asm/sysreg-defs.h
  CC [M]  sound/soc/mediatek/audio_dsp/mtk-soc-offload-common.o - due to: arch/arm64/include/generated/asm/sysreg-defs.h
  AR      fs/proc/built-in.a - due to: fs/proc/task_mmu.o fs/proc/inode.o fs/proc/root.o fs/proc/base.o fs/proc/generic.o fs/proc/array.o fs/proc/fd.o fs/proc/proc_tty.o fs/proc/cmdline.o fs/proc/consoles.o fs/proc/cpuinfo.o fs/proc/devices.o fs/proc/interrupts.o fs/proc/loadavg.o fs/proc/meminfo.o fs/proc/stat.o fs/proc/uptime.o fs/proc/util.o fs/proc/version.o fs/proc/softirqs.o fs/proc/namespaces.o fs/proc/self.o fs/proc/thread_self.o fs/proc/proc_sysctl.o fs/proc/proc_net.o fs/proc/vmcore.o fs/proc/kmsg.o fs/proc/page.o fs/proc/bootconfig.o
  CC      fs/dcookies.o - due to: arch/arm64/include/generated/asm/sysreg-defs.h
  AR [M]  sound/soc/mediatek/mt6879/snd-soc-mt6879-afe.o - due to: sound/soc/mediatek/mt6879/mt6879-afe-pcm.o sound/soc/mediatek/mt6879/mt6879-afe-clk.o sound/soc/mediatek/mt6879/mt6879-afe-gpio.o sound/soc/mediatek/mt6879/mt6879-dai-adda.o sound/soc/mediatek/mt6879/mt6879-afe-control.o sound/soc/mediatek/mt6879/mt6879-dai-i2s.o sound/soc/mediatek/mt6879/mt6879-dai-hw-gain.o sound/soc/mediatek/mt6879/mt6879-dai-src.o sound/soc/mediatek/mt6879/mt6879-dai-pcm.o sound/soc/mediatek/mt6879/mt6879-dai-hostless.o sound/soc/mediatek/mt6879/mt6879-misc-control.o
  CC      net/ipv4/ip_input.o - due to: arch/arm64/include/generated/asm/sysreg-defs.h
  CC      net/xfrm/xfrm_state.o - due to: arch/arm64/include/generated/asm/sysreg-defs.h
  CC      net/ethtool/pause.o - due to: arch/arm64/include/generated/asm/sysreg-defs.h
  CC      net/unix/af_unix.o - due to: arch/arm64/include/generated/asm/sysreg-defs.h
  CC      net/netfilter/nf_conntrack_proto_sctp.o - due to: arch/arm64/include/generated/asm/sysreg-defs.h
  AR [M]  sound/soc/mediatek/audio_dsp/snd-soc-audiodsp-common.o - due to: sound/soc/mediatek/audio_dsp/audio_buf.o sound/soc/mediatek/audio_dsp/mtk-dsp-dai.o sound/soc/mediatek/audio_dsp/mtk-dsp-pcm.o sound/soc/mediatek/audio_dsp/mtk-dsp-common.o sound/soc/mediatek/audio_dsp/mtk-dsp-platform-driver.o sound/soc/mediatek/audio_dsp/mtk-dsp-mem-control.o
  AR      sound/soc/mediatek/built-in.a - due to: sound/soc/mediatek/audio_scp/built-in.a
  CC      net/ipv4/ip_fragment.o - due to: arch/arm64/include/generated/asm/sysreg-defs.h
  CC      net/unix/garbage.o - due to: arch/arm64/include/generated/asm/sysreg-defs.h
  CC      net/ethtool/eee.o - due to: arch/arm64/include/generated/asm/sysreg-defs.h
  CC      net/xfrm/xfrm_hash.o - due to: arch/arm64/include/generated/asm/sysreg-defs.h
  CC      fs/ext4/balloc.o - due to: arch/arm64/include/generated/asm/sysreg-defs.h
  CC      net/netfilter/nf_conntrack_proto_gre.o - due to: arch/arm64/include/generated/asm/sysreg-defs.h
  AR      sound/soc/built-in.a - due to: sound/soc/soc-core.o sound/soc/soc-dapm.o sound/soc/soc-jack.o sound/soc/soc-utils.o sound/soc/soc-dai.o sound/soc/soc-component.o sound/soc/soc-pcm.o sound/soc/soc-devres.o sound/soc/soc-ops.o sound/soc/soc-link.o sound/soc/soc-card.o sound/soc/soc-compress.o sound/soc/mediatek/built-in.a
  AR      sound/built-in.a - due to: sound/sound_core.o sound/core/built-in.a sound/soc/built-in.a sound/last.o
  CC      net/ipv4/ip_forward.o - due to: arch/arm64/include/generated/asm/sysreg-defs.h
  CC      kernel/crash_core.o - due to: arch/arm64/include/generated/asm/sysreg-defs.h
  CC      net/unix/sysctl_net_unix.o - due to: arch/arm64/include/generated/asm/sysreg-defs.h
  CC      net/ethtool/tsinfo.o - due to: arch/arm64/include/generated/asm/sysreg-defs.h
  CC      net/xfrm/xfrm_input.o - due to: arch/arm64/include/generated/asm/sysreg-defs.h
  CC      fs/ext4/bitmap.o - due to: arch/arm64/include/generated/asm/sysreg-defs.h
  CC      net/netfilter/nf_conntrack_netlink.o - due to: arch/arm64/include/generated/asm/sysreg-defs.h
  CC      net/ethtool/cabletest.o - due to: arch/arm64/include/generated/asm/sysreg-defs.h
  CC      net/ipv4/ip_options.o - due to: arch/arm64/include/generated/asm/sysreg-defs.h
  CC      net/unix/scm.o - due to: arch/arm64/include/generated/asm/sysreg-defs.h
  CC      fs/jbd2/transaction.o - due to: arch/arm64/include/generated/asm/sysreg-defs.h
  CC      net/xfrm/xfrm_output.o - due to: arch/arm64/include/generated/asm/sysreg-defs.h
  CC      fs/ext4/block_validity.o - due to: arch/arm64/include/generated/asm/sysreg-defs.h
  CC      net/netfilter/nf_conntrack_pptp.o - due to: arch/arm64/include/generated/asm/sysreg-defs.h
  CC      net/ethtool/tunnels.o - due to: arch/arm64/include/generated/asm/sysreg-defs.h
  CC      net/ipv4/ip_output.o - due to: arch/arm64/include/generated/asm/sysreg-defs.h
  CC      net/xfrm/xfrm_sysctl.o - due to: arch/arm64/include/generated/asm/sysreg-defs.h
  AR      net/unix/built-in.a - due to: net/unix/af_unix.o net/unix/garbage.o net/unix/sysctl_net_unix.o net/unix/scm.o
  CC      fs/jbd2/commit.o - due to: arch/arm64/include/generated/asm/sysreg-defs.h
  CC      fs/ext4/dir.o - due to: arch/arm64/include/generated/asm/sysreg-defs.h
  CC      fs/squashfs/block.o - due to: arch/arm64/include/generated/asm/sysreg-defs.h
  CC      net/netfilter/nf_log_common.o - due to: arch/arm64/include/generated/asm/sysreg-defs.h
  CC      net/ipv4/ip_sockglue.o - due to: arch/arm64/include/generated/asm/sysreg-defs.h
  AR      net/ethtool/built-in.a - due to: net/ethtool/ioctl.o net/ethtool/common.o net/ethtool/netlink.o net/ethtool/bitset.o net/ethtool/strset.o net/ethtool/linkinfo.o net/ethtool/linkmodes.o net/ethtool/linkstate.o net/ethtool/debug.o net/ethtool/wol.o net/ethtool/features.o net/ethtool/privflags.o net/ethtool/rings.o net/ethtool/channels.o net/ethtool/coalesce.o net/ethtool/pause.o net/ethtool/eee.o net/ethtool/tsinfo.o net/ethtool/cabletest.o net/ethtool/tunnels.o
  CC      kernel/kexec_core.o - due to: arch/arm64/include/generated/asm/sysreg-defs.h
  CC      net/xfrm/xfrm_replay.o - due to: arch/arm64/include/generated/asm/sysreg-defs.h
  CC      fs/jbd2/recovery.o - due to: arch/arm64/include/generated/asm/sysreg-defs.h
  CC      fs/ext4/ext4_jbd2.o - due to: arch/arm64/include/generated/asm/sysreg-defs.h
  CC      fs/ext4/extents.o - due to: arch/arm64/include/generated/asm/sysreg-defs.h
  CC      fs/squashfs/cache.o - due to: arch/arm64/include/generated/asm/sysreg-defs.h
  CC      net/netfilter/nf_nat_core.o - due to: arch/arm64/include/generated/asm/sysreg-defs.h
  CC      net/ipv4/inet_hashtables.o - due to: arch/arm64/include/generated/asm/sysreg-defs.h
  CC      kernel/kexec.o - due to: arch/arm64/include/generated/asm/sysreg-defs.h
  CC      net/xfrm/xfrm_device.o - due to: arch/arm64/include/generated/asm/sysreg-defs.h
  CC      fs/jbd2/checkpoint.o - due to: arch/arm64/include/generated/asm/sysreg-defs.h
  CC      fs/squashfs/dir.o - due to: arch/arm64/include/generated/asm/sysreg-defs.h
  CC      fs/ext4/extents_status.o - due to: arch/arm64/include/generated/asm/sysreg-defs.h
  CC      fs/ramfs/inode.o - due to: arch/arm64/include/generated/asm/sysreg-defs.h
  CC      net/netfilter/nf_nat_proto.o - due to: arch/arm64/include/generated/asm/sysreg-defs.h
  CC      net/ipv4/inet_timewait_sock.o - due to: arch/arm64/include/generated/asm/sysreg-defs.h
  CC      kernel/kexec_file.o - due to: arch/arm64/include/generated/asm/sysreg-defs.h
  CC      fs/jbd2/revoke.o - due to: arch/arm64/include/generated/asm/sysreg-defs.h
  CC      net/xfrm/xfrm_proc.o - due to: arch/arm64/include/generated/asm/sysreg-defs.h
  CC      fs/squashfs/export.o - due to: arch/arm64/include/generated/asm/sysreg-defs.h
  CC      fs/ramfs/file-mmu.o - due to: arch/arm64/include/generated/asm/sysreg-defs.h
  CC      fs/ext4/file.o - due to: arch/arm64/include/generated/asm/sysreg-defs.h
  CC      net/netfilter/nf_nat_helper.o - due to: arch/arm64/include/generated/asm/sysreg-defs.h
  CC      net/ipv4/inet_connection_sock.o - due to: arch/arm64/include/generated/asm/sysreg-defs.h
  CC      kernel/compat.o - due to: arch/arm64/include/generated/asm/sysreg-defs.h
  CC      fs/jbd2/journal.o - due to: arch/arm64/include/generated/asm/sysreg-defs.h
  CC      net/xfrm/xfrm_algo.o - due to: arch/arm64/include/generated/asm/sysreg-defs.h
  CC      fs/squashfs/file.o - due to: arch/arm64/include/generated/asm/sysreg-defs.h
  AR      fs/ramfs/built-in.a - due to: fs/ramfs/inode.o fs/ramfs/file-mmu.o
  CC      fs/ext4/fsmap.o - due to: arch/arm64/include/generated/asm/sysreg-defs.h
  CC      net/netfilter/nf_nat_redirect.o - due to: arch/arm64/include/generated/asm/sysreg-defs.h
  CC      net/ipv4/tcp.o - due to: arch/arm64/include/generated/asm/sysreg-defs.h
  AR      fs/jbd2/built-in.a - due to: fs/jbd2/transaction.o fs/jbd2/commit.o fs/jbd2/recovery.o fs/jbd2/checkpoint.o fs/jbd2/revoke.o fs/jbd2/journal.o
  CC      net/xfrm/xfrm_user.o - due to: arch/arm64/include/generated/asm/sysreg-defs.h
  CC      fs/squashfs/fragment.o - due to: arch/arm64/include/generated/asm/sysreg-defs.h
  CC      net/packet/af_packet.o - due to: arch/arm64/include/generated/asm/sysreg-defs.h
  CC      kernel/cgroup/cgroup.o - due to: arch/arm64/include/generated/asm/sysreg-defs.h
  CC      fs/ext4/fsync.o - due to: arch/arm64/include/generated/asm/sysreg-defs.h
  CC      net/ipv6/af_inet6.o - due to: arch/arm64/include/generated/asm/sysreg-defs.h
  CC      net/netfilter/nf_nat_masquerade.o - due to: arch/arm64/include/generated/asm/sysreg-defs.h
  CC      net/ipv4/tcp_input.o - due to: arch/arm64/include/generated/asm/sysreg-defs.h
  CC      fs/squashfs/id.o - due to: arch/arm64/include/generated/asm/sysreg-defs.h
  CC      net/xfrm/xfrm_interface.o - due to: arch/arm64/include/generated/asm/sysreg-defs.h
  AR      net/packet/built-in.a - due to: net/packet/af_packet.o
  CC      kernel/cgroup/rstat.o - due to: arch/arm64/include/generated/asm/sysreg-defs.h
  CC      kernel/utsname.o - due to: arch/arm64/include/generated/asm/sysreg-defs.h
  CC      fs/ext4/hash.o - due to: arch/arm64/include/generated/asm/sysreg-defs.h
  CC      net/ipv6/anycast.o - due to: arch/arm64/include/generated/asm/sysreg-defs.h
  CC      net/netfilter/x_tables.o - due to: arch/arm64/include/generated/asm/sysreg-defs.h
  CC      net/ipv4/tcp_output.o - due to: arch/arm64/include/generated/asm/sysreg-defs.h
  CC      fs/squashfs/inode.o - due to: arch/arm64/include/generated/asm/sysreg-defs.h
  AR      net/xfrm/built-in.a - due to: net/xfrm/xfrm_policy.o net/xfrm/xfrm_state.o net/xfrm/xfrm_hash.o net/xfrm/xfrm_input.o net/xfrm/xfrm_output.o net/xfrm/xfrm_sysctl.o net/xfrm/xfrm_replay.o net/xfrm/xfrm_device.o net/xfrm/xfrm_proc.o net/xfrm/xfrm_algo.o net/xfrm/xfrm_user.o net/xfrm/xfrm_interface.o
  CC      kernel/cgroup/namespace.o - due to: arch/arm64/include/generated/asm/sysreg-defs.h
  CC      fs/squashfs/namei.o - due to: arch/arm64/include/generated/asm/sysreg-defs.h
  CC      fs/ext4/ialloc.o - due to: arch/arm64/include/generated/asm/sysreg-defs.h
  CC      fs/fat/cache.o - due to: arch/arm64/include/generated/asm/sysreg-defs.h
  CC      net/ipv6/ip6_output.o - due to: arch/arm64/include/generated/asm/sysreg-defs.h
  CC      net/netfilter/xt_tcpudp.o - due to: arch/arm64/include/generated/asm/sysreg-defs.h
  CC      kernel/cgroup/cgroup-v1.o - due to: arch/arm64/include/generated/asm/sysreg-defs.h
  CC      net/ipv4/tcp_timer.o - due to: arch/arm64/include/generated/asm/sysreg-defs.h
  CC      fs/ext4/indirect.o - due to: arch/arm64/include/generated/asm/sysreg-defs.h
  CC      fs/squashfs/super.o - due to: arch/arm64/include/generated/asm/sysreg-defs.h
  CC      fs/fat/dir.o - due to: arch/arm64/include/generated/asm/sysreg-defs.h
  CC      net/ipv6/ip6_input.o - due to: arch/arm64/include/generated/asm/sysreg-defs.h
  CC      fs/exfat/inode.o - due to: arch/arm64/include/generated/asm/sysreg-defs.h
  CC      net/netfilter/xt_nat.o - due to: arch/arm64/include/generated/asm/sysreg-defs.h
  CC      net/ipv4/tcp_ipv4.o - due to: arch/arm64/include/generated/asm/sysreg-defs.h
  CC      kernel/cgroup/freezer.o - due to: arch/arm64/include/generated/asm/sysreg-defs.h
  CC      fs/ext4/inline.o - due to: arch/arm64/include/generated/asm/sysreg-defs.h
  CC      fs/squashfs/symlink.o - due to: arch/arm64/include/generated/asm/sysreg-defs.h
  CC      fs/fat/fatent.o - due to: arch/arm64/include/generated/asm/sysreg-defs.h
  CC      net/ipv6/addrconf.o - due to: arch/arm64/include/generated/asm/sysreg-defs.h
  CC      fs/exfat/namei.o - due to: arch/arm64/include/generated/asm/sysreg-defs.h
  CC      net/netfilter/xt_CHECKSUM.o - due to: arch/arm64/include/generated/asm/sysreg-defs.h
  CC      net/ipv4/tcp_minisocks.o - due to: arch/arm64/include/generated/asm/sysreg-defs.h
  CC      kernel/cgroup/legacy_freezer.o - due to: arch/arm64/include/generated/asm/sysreg-defs.h
  CC      fs/ext4/inode.o - due to: arch/arm64/include/generated/asm/sysreg-defs.h
  CC      fs/squashfs/decompressor.o - due to: arch/arm64/include/generated/asm/sysreg-defs.h
  CC      fs/fat/file.o - due to: arch/arm64/include/generated/asm/sysreg-defs.h
  CC      fs/exfat/dir.o - due to: arch/arm64/include/generated/asm/sysreg-defs.h
  CC      net/ipv6/addrlabel.o - due to: arch/arm64/include/generated/asm/sysreg-defs.h
  CC      net/netfilter/xt_LOG.o - due to: arch/arm64/include/generated/asm/sysreg-defs.h
  CC      net/ipv4/tcp_cong.o - due to: arch/arm64/include/generated/asm/sysreg-defs.h
  CC      kernel/cgroup/pids.o - due to: arch/arm64/include/generated/asm/sysreg-defs.h
  CC      fs/ext4/ioctl.o - due to: arch/arm64/include/generated/asm/sysreg-defs.h
  CC      fs/fat/inode.o - due to: arch/arm64/include/generated/asm/sysreg-defs.h
  CC      fs/squashfs/file_cache.o - due to: arch/arm64/include/generated/asm/sysreg-defs.h
  CC      fs/exfat/super.o - due to: arch/arm64/include/generated/asm/sysreg-defs.h
  CC      net/ipv6/route.o - due to: arch/arm64/include/generated/asm/sysreg-defs.h
  CC      net/netfilter/xt_NETMAP.o - due to: arch/arm64/include/generated/asm/sysreg-defs.h
  CC      net/ipv4/tcp_metrics.o - due to: arch/arm64/include/generated/asm/sysreg-defs.h
  CC      kernel/cgroup/cpuset.o - due to: arch/arm64/include/generated/asm/sysreg-defs.h
  CC      fs/ext4/mballoc.o - due to: arch/arm64/include/generated/asm/sysreg-defs.h
  CC      fs/squashfs/decompressor_single.o - due to: arch/arm64/include/generated/asm/sysreg-defs.h
  CC      fs/fat/misc.o - due to: arch/arm64/include/generated/asm/sysreg-defs.h
  CC      fs/exfat/fatent.o - due to: arch/arm64/include/generated/asm/sysreg-defs.h
  CC      net/ipv6/ip6_fib.o - due to: arch/arm64/include/generated/asm/sysreg-defs.h
  CC      net/netfilter/xt_REDIRECT.o - due to: arch/arm64/include/generated/asm/sysreg-defs.h
  CC      net/ipv4/tcp_fastopen.o - due to: arch/arm64/include/generated/asm/sysreg-defs.h
  AR      kernel/cgroup/built-in.a - due to: kernel/cgroup/cgroup.o kernel/cgroup/rstat.o kernel/cgroup/namespace.o kernel/cgroup/cgroup-v1.o kernel/cgroup/freezer.o kernel/cgroup/legacy_freezer.o kernel/cgroup/pids.o kernel/cgroup/cpuset.o
  CC      kernel/user_namespace.o - due to: arch/arm64/include/generated/asm/sysreg-defs.h
  CC      fs/ext4/migrate.o - due to: arch/arm64/include/generated/asm/sysreg-defs.h
  CC      fs/fat/nfs.o - due to: arch/arm64/include/generated/asm/sysreg-defs.h
  CC      fs/squashfs/lz4_wrapper.o - due to: arch/arm64/include/generated/asm/sysreg-defs.h
  CC      fs/exfat/cache.o - due to: arch/arm64/include/generated/asm/sysreg-defs.h
  CC      net/ipv6/ipv6_sockglue.o - due to: arch/arm64/include/generated/asm/sysreg-defs.h
  CC      net/netfilter/xt_MASQUERADE.o - due to: arch/arm64/include/generated/asm/sysreg-defs.h
  CC      net/ipv4/tcp_rate.o - due to: arch/arm64/include/generated/asm/sysreg-defs.h
  CC      kernel/pid_namespace.o - due to: arch/arm64/include/generated/asm/sysreg-defs.h
  CC      fs/ext4/mmp.o - due to: arch/arm64/include/generated/asm/sysreg-defs.h
  CC      fs/fat/namei_vfat.o - due to: arch/arm64/include/generated/asm/sysreg-defs.h
  CC      fs/squashfs/zlib_wrapper.o - due to: arch/arm64/include/generated/asm/sysreg-defs.h
  CC      fs/exfat/nls.o - due to: arch/arm64/include/generated/asm/sysreg-defs.h
  CC      net/ipv6/ndisc.o - due to: arch/arm64/include/generated/asm/sysreg-defs.h
  CC      net/netfilter/xt_addrtype.o - due to: arch/arm64/include/generated/asm/sysreg-defs.h
  CC      net/ipv4/tcp_recovery.o - due to: arch/arm64/include/generated/asm/sysreg-defs.h
  CHK     kernel/kheaders_data.tar.xz - due to kheaders_data.tar.xz not in $(targets)
  CC      fs/ext4/move_extent.o - due to: arch/arm64/include/generated/asm/sysreg-defs.h
  CC      fs/fat/namei_msdos.o - due to: arch/arm64/include/generated/asm/sysreg-defs.h
  CC      fs/squashfs/zstd_wrapper.o - due to: arch/arm64/include/generated/asm/sysreg-defs.h
  CC      fs/exfat/misc.o - due to: arch/arm64/include/generated/asm/sysreg-defs.h
  CC      net/ipv6/udp.o - due to: arch/arm64/include/generated/asm/sysreg-defs.h
  CC      net/netfilter/xt_bpf.o - due to: arch/arm64/include/generated/asm/sysreg-defs.h
  CC      net/ipv4/tcp_ulp.o - due to: arch/arm64/include/generated/asm/sysreg-defs.h
  CC      fs/ext4/namei.o - due to: arch/arm64/include/generated/asm/sysreg-defs.h
  AR      fs/fat/built-in.a - due to: fs/fat/cache.o fs/fat/dir.o fs/fat/fatent.o fs/fat/file.o fs/fat/inode.o fs/fat/misc.o fs/fat/nfs.o fs/fat/namei_vfat.o fs/fat/namei_msdos.o
  AR      fs/squashfs/built-in.a - due to: fs/squashfs/block.o fs/squashfs/cache.o fs/squashfs/dir.o fs/squashfs/export.o fs/squashfs/file.o fs/squashfs/fragment.o fs/squashfs/id.o fs/squashfs/inode.o fs/squashfs/namei.o fs/squashfs/super.o fs/squashfs/symlink.o fs/squashfs/decompressor.o fs/squashfs/file_cache.o fs/squashfs/decompressor_single.o fs/squashfs/lz4_wrapper.o fs/squashfs/zlib_wrapper.o fs/squashfs/zstd_wrapper.o
  CC      fs/exfat/file.o - due to: arch/arm64/include/generated/asm/sysreg-defs.h
  GEN     kernel/kheaders_data.tar.xz
  CC      fs/exfat/balloc.o - due to: arch/arm64/include/generated/asm/sysreg-defs.h
  CC      net/key/af_key.o - due to: arch/arm64/include/generated/asm/sysreg-defs.h
  CC      net/ipv6/udplite.o - due to: arch/arm64/include/generated/asm/sysreg-defs.h
  CC      net/netfilter/xt_conntrack.o - due to: arch/arm64/include/generated/asm/sysreg-defs.h
  CC      net/ipv4/tcp_offload.o - due to: arch/arm64/include/generated/asm/sysreg-defs.h
  CC      fs/ext4/page-io.o - due to: arch/arm64/include/generated/asm/sysreg-defs.h
  CC      fs/ext4/readpage.o - due to: arch/arm64/include/generated/asm/sysreg-defs.h
  AR      fs/exfat/built-in.a - due to: fs/exfat/inode.o fs/exfat/namei.o fs/exfat/dir.o fs/exfat/super.o fs/exfat/fatent.o fs/exfat/cache.o fs/exfat/nls.o fs/exfat/misc.o fs/exfat/file.o fs/exfat/balloc.o
  AR      net/key/built-in.a - due to: net/key/af_key.o
  CC      kernel/stop_machine.o - due to: arch/arm64/include/generated/asm/sysreg-defs.h
  CC      net/ipv6/raw.o - due to: arch/arm64/include/generated/asm/sysreg-defs.h
  CC      net/ipv4/datagram.o - due to: arch/arm64/include/generated/asm/sysreg-defs.h
  AR      net/netfilter/built-in.a - due to: net/netfilter/core.o net/netfilter/nf_log.o net/netfilter/nf_queue.o net/netfilter/nf_sockopt.o net/netfilter/utils.o net/netfilter/nfnetlink.o net/netfilter/nfnetlink_queue.o net/netfilter/nfnetlink_log.o net/netfilter/nf_conntrack_core.o net/netfilter/nf_conntrack_standalone.o net/netfilter/nf_conntrack_expect.o net/netfilter/nf_conntrack_helper.o net/netfilter/nf_conntrack_proto.o net/netfilter/nf_conntrack_proto_generic.o net/netfilter/nf_conntrack_proto_tcp.o net/netfilter/nf_conntrack_proto_udp.o net/netfilter/nf_conntrack_proto_icmp.o net/netfilter/nf_conntrack_extend.o net/netfilter/nf_conntrack_acct.o net/netfilter/nf_conntrack_seqadj.o net/netfilter/nf_conntrack_proto_icmpv6.o net/netfilter/nf_conntrack_timestamp.o net/netfilter/nf_conntrack_ecache.o net/netfilter/nf_conntrack_labels.o net/netfilter/nf_conntrack_proto_dccp.o net/netfilter/nf_conntrack_proto_sctp.o net/netfilter/nf_conntrack_proto_gre.o net/netfilter/nf_conntrack_netlink.o net/netfilter/nf_conntrack_pptp.o net/netfilter/nf_log_common.o net/netfilter/nf_nat_core.o net/netfilter/nf_nat_proto.o net/netfilter/nf_nat_helper.o net/netfilter/nf_nat_redirect.o net/netfilter/nf_nat_masquerade.o net/netfilter/x_tables.o net/netfilter/xt_tcpudp.o net/netfilter/xt_nat.o net/netfilter/xt_CHECKSUM.o net/netfilter/xt_LOG.o net/netfilter/xt_NETMAP.o net/netfilter/xt_REDIRECT.o net/netfilter/xt_MASQUERADE.o net/netfilter/xt_addrtype.o net/netfilter/xt_bpf.o net/netfilter/xt_conntrack.o
  CC      fs/ext4/resize.o - due to: arch/arm64/include/generated/asm/sysreg-defs.h
  CC      net/ipv4/raw.o - due to: arch/arm64/include/generated/asm/sysreg-defs.h
  CC      net/bridge/br.o - due to: arch/arm64/include/generated/asm/sysreg-defs.h
  CC      net/ipv6/icmp.o - due to: arch/arm64/include/generated/asm/sysreg-defs.h
  CC      kernel/audit.o - due to: arch/arm64/include/generated/asm/sysreg-defs.h
  CC      net/dsa/dsa.o - due to: arch/arm64/include/generated/asm/sysreg-defs.h
  CC      fs/ext4/super.o - due to: arch/arm64/include/generated/asm/sysreg-defs.h
  CC      net/ipv4/udp.o - due to: arch/arm64/include/generated/asm/sysreg-defs.h
  CC      net/bridge/br_device.o - due to: arch/arm64/include/generated/asm/sysreg-defs.h
  CC      net/ipv6/mcast.o - due to: arch/arm64/include/generated/asm/sysreg-defs.h
  CC      fs/nfs/client.o - due to: arch/arm64/include/generated/asm/sysreg-defs.h
  CC      net/dsa/dsa2.o - due to: arch/arm64/include/generated/asm/sysreg-defs.h
  CC      net/dsa/master.o - due to: arch/arm64/include/generated/asm/sysreg-defs.h
  CC      fs/ext4/symlink.o - due to: arch/arm64/include/generated/asm/sysreg-defs.h
  CC      net/ipv4/udplite.o - due to: arch/arm64/include/generated/asm/sysreg-defs.h
  CC      net/ipv6/reassembly.o - due to: arch/arm64/include/generated/asm/sysreg-defs.h
  CC      net/bridge/br_fdb.o - due to: arch/arm64/include/generated/asm/sysreg-defs.h
  CC      net/ipv6/tcp_ipv6.o - due to: arch/arm64/include/generated/asm/sysreg-defs.h
  CC      net/dsa/port.o - due to: arch/arm64/include/generated/asm/sysreg-defs.h
  CC      fs/nfs/dir.o - due to: arch/arm64/include/generated/asm/sysreg-defs.h
  CC      fs/ext4/sysfs.o - due to: arch/arm64/include/generated/asm/sysreg-defs.h
  CC      net/ipv4/udp_offload.o - due to: arch/arm64/include/generated/asm/sysreg-defs.h
  CC      net/bridge/br_forward.o - due to: arch/arm64/include/generated/asm/sysreg-defs.h
  CC      fs/exportfs/expfs.o - due to: arch/arm64/include/generated/asm/sysreg-defs.h
  CC      net/ipv6/ping.o - due to: arch/arm64/include/generated/asm/sysreg-defs.h
  CC      net/dsa/slave.o - due to: arch/arm64/include/generated/asm/sysreg-defs.h
  CC      fs/nfs/file.o - due to: arch/arm64/include/generated/asm/sysreg-defs.h
  CC      fs/ext4/xattr.o - due to: arch/arm64/include/generated/asm/sysreg-defs.h
  AR      fs/exportfs/built-in.a - due to: fs/exportfs/expfs.o
  CC      net/ipv4/arp.o - due to: arch/arm64/include/generated/asm/sysreg-defs.h
  CC      net/dsa/switch.o - due to: arch/arm64/include/generated/asm/sysreg-defs.h
  CC      net/bridge/br_if.o - due to: arch/arm64/include/generated/asm/sysreg-defs.h
  CC      net/bridge/br_input.o - due to: arch/arm64/include/generated/asm/sysreg-defs.h
  CC      net/ipv6/exthdrs.o - due to: arch/arm64/include/generated/asm/sysreg-defs.h
  CC      fs/ext4/xattr_hurd.o - due to: arch/arm64/include/generated/asm/sysreg-defs.h
  CC      fs/nfs/getroot.o - due to: arch/arm64/include/generated/asm/sysreg-defs.h
  CC      net/ipv4/icmp.o - due to: arch/arm64/include/generated/asm/sysreg-defs.h
  CC      net/ipv6/datagram.o - due to: arch/arm64/include/generated/asm/sysreg-defs.h
  AR      net/dsa/built-in.a - due to: net/dsa/dsa.o net/dsa/dsa2.o net/dsa/master.o net/dsa/port.o net/dsa/slave.o net/dsa/switch.o
  CC      net/bridge/br_ioctl.o - due to: arch/arm64/include/generated/asm/sysreg-defs.h
  CC      kernel/auditfilter.o - due to: arch/arm64/include/generated/asm/sysreg-defs.h
  CC      net/ipv4/devinet.o - due to: arch/arm64/include/generated/asm/sysreg-defs.h
  CC      fs/ext4/xattr_trusted.o - due to: arch/arm64/include/generated/asm/sysreg-defs.h
  CC      fs/nfs/inode.o - due to: arch/arm64/include/generated/asm/sysreg-defs.h
  CC      net/bridge/br_stp.o - due to: arch/arm64/include/generated/asm/sysreg-defs.h
  CC      net/bridge/br_stp_bpdu.o - due to: arch/arm64/include/generated/asm/sysreg-defs.h
  CC      fs/lockd/clntlock.o - due to: arch/arm64/include/generated/asm/sysreg-defs.h
  CC      net/ipv6/ip6_flowlabel.o - due to: arch/arm64/include/generated/asm/sysreg-defs.h
  CC      net/ipv4/af_inet.o - due to: arch/arm64/include/generated/asm/sysreg-defs.h
  CC      fs/ext4/xattr_user.o - due to: arch/arm64/include/generated/asm/sysreg-defs.h
  CC      fs/nfs/super.o - due to: arch/arm64/include/generated/asm/sysreg-defs.h
  CC      fs/lockd/clntproc.o - due to: arch/arm64/include/generated/asm/sysreg-defs.h
  CC      net/bridge/br_stp_if.o - due to: arch/arm64/include/generated/asm/sysreg-defs.h
  CC      fs/nls/nls_base.o - due to: arch/arm64/include/generated/asm/sysreg-defs.h
  CC      net/ipv6/inet6_connection_sock.o - due to: arch/arm64/include/generated/asm/sysreg-defs.h
  CC      net/ipv4/igmp.o - due to: arch/arm64/include/generated/asm/sysreg-defs.h
  CC      fs/ext4/fast_commit.o - due to: arch/arm64/include/generated/asm/sysreg-defs.h
  CC      fs/nfs/io.o - due to: arch/arm64/include/generated/asm/sysreg-defs.h
  CC      fs/nls/nls_cp437.o - due to: arch/arm64/include/generated/asm/sysreg-defs.h
  CC      fs/lockd/clntxdr.o - due to: arch/arm64/include/generated/asm/sysreg-defs.h
  CC      net/ipv6/udp_offload.o - due to: arch/arm64/include/generated/asm/sysreg-defs.h
  CC      net/bridge/br_stp_timer.o - due to: arch/arm64/include/generated/asm/sysreg-defs.h
  CC      fs/ext4/acl.o - due to: arch/arm64/include/generated/asm/sysreg-defs.h
  CC      net/ipv4/fib_frontend.o - due to: arch/arm64/include/generated/asm/sysreg-defs.h
  CC      fs/nls/nls_iso8859-1.o - due to: arch/arm64/include/generated/asm/sysreg-defs.h
  CC      fs/nfs/direct.o - due to: arch/arm64/include/generated/asm/sysreg-defs.h
  CC      fs/lockd/host.o - due to: arch/arm64/include/generated/asm/sysreg-defs.h
  CC      net/ipv6/seg6.o - due to: arch/arm64/include/generated/asm/sysreg-defs.h
  CC      net/bridge/br_netlink.o - due to: arch/arm64/include/generated/asm/sysreg-defs.h
  CC      fs/ext4/xattr_security.o - due to: arch/arm64/include/generated/asm/sysreg-defs.h
  CC      net/ipv4/fib_semantics.o - due to: arch/arm64/include/generated/asm/sysreg-defs.h
  CC      fs/nls/nls_utf8.o - due to: arch/arm64/include/generated/asm/sysreg-defs.h
  CC      fs/nfs/pagelist.o - due to: arch/arm64/include/generated/asm/sysreg-defs.h
  CC      fs/lockd/svc.o - due to: arch/arm64/include/generated/asm/sysreg-defs.h
  CC      net/ipv6/fib6_notifier.o - due to: arch/arm64/include/generated/asm/sysreg-defs.h
  CC      net/bridge/br_netlink_tunnel.o - due to: arch/arm64/include/generated/asm/sysreg-defs.h
  CC      net/ipv4/fib_trie.o - due to: arch/arm64/include/generated/asm/sysreg-defs.h
  CC      fs/ext4/verity.o - due to: arch/arm64/include/generated/asm/sysreg-defs.h
  AR      fs/nls/built-in.a - due to: fs/nls/nls_base.o fs/nls/nls_cp437.o fs/nls/nls_iso8859-1.o fs/nls/nls_utf8.o
  CC      fs/nfs/read.o - due to: arch/arm64/include/generated/asm/sysreg-defs.h
  CC      net/can/af_can.o - due to: arch/arm64/include/generated/asm/sysreg-defs.h
  CC      net/ipv6/rpl.o - due to: arch/arm64/include/generated/asm/sysreg-defs.h
  CC      fs/lockd/svclock.o - due to: arch/arm64/include/generated/asm/sysreg-defs.h
  CC      net/bridge/br_arp_nd_proxy.o - due to: arch/arm64/include/generated/asm/sysreg-defs.h
  CC      net/ipv4/fib_notifier.o - due to: arch/arm64/include/generated/asm/sysreg-defs.h
  AR      fs/ext4/built-in.a - due to: fs/ext4/balloc.o fs/ext4/bitmap.o fs/ext4/block_validity.o fs/ext4/dir.o fs/ext4/ext4_jbd2.o fs/ext4/extents.o fs/ext4/extents_status.o fs/ext4/file.o fs/ext4/fsmap.o fs/ext4/fsync.o fs/ext4/hash.o fs/ext4/ialloc.o fs/ext4/indirect.o fs/ext4/inline.o fs/ext4/inode.o fs/ext4/ioctl.o fs/ext4/mballoc.o fs/ext4/migrate.o fs/ext4/mmp.o fs/ext4/move_extent.o fs/ext4/namei.o fs/ext4/page-io.o fs/ext4/readpage.o fs/ext4/resize.o fs/ext4/super.o fs/ext4/symlink.o fs/ext4/sysfs.o fs/ext4/xattr.o fs/ext4/xattr_hurd.o fs/ext4/xattr_trusted.o fs/ext4/xattr_user.o fs/ext4/fast_commit.o fs/ext4/acl.o fs/ext4/xattr_security.o fs/ext4/verity.o
  CC      fs/ksmbd/common/cifs_arc4.o - due to: arch/arm64/include/generated/asm/sysreg-defs.h
  CC      fs/nfs/symlink.o - due to: arch/arm64/include/generated/asm/sysreg-defs.h
  CC      net/can/proc.o - due to: arch/arm64/include/generated/asm/sysreg-defs.h
  CC      fs/lockd/svcshare.o - due to: arch/arm64/include/generated/asm/sysreg-defs.h
  CC      net/ipv6/sysctl_net_ipv6.o - due to: arch/arm64/include/generated/asm/sysreg-defs.h
  CC      net/bridge/br_sysfs_if.o - due to: arch/arm64/include/generated/asm/sysreg-defs.h
  CC      net/ipv4/inet_fragment.o - due to: arch/arm64/include/generated/asm/sysreg-defs.h
  CC      fs/ksmbd/common/cifs_md4.o - due to: arch/arm64/include/generated/asm/sysreg-defs.h
  CC      fs/nfs/unlink.o - due to: arch/arm64/include/generated/asm/sysreg-defs.h
  CC      net/can/raw.o - due to: arch/arm64/include/generated/asm/sysreg-defs.h
  CC      fs/lockd/svcproc.o - due to: arch/arm64/include/generated/asm/sysreg-defs.h
  CC      net/ipv6/xfrm6_policy.o - due to: arch/arm64/include/generated/asm/sysreg-defs.h
  CC      net/bridge/br_sysfs_br.o - due to: arch/arm64/include/generated/asm/sysreg-defs.h
  CC      net/ipv4/ping.o - due to: arch/arm64/include/generated/asm/sysreg-defs.h
  AR      fs/ksmbd/common/built-in.a - due to: fs/ksmbd/common/cifs_arc4.o fs/ksmbd/common/cifs_md4.o
  CC      fs/nfs/write.o - due to: arch/arm64/include/generated/asm/sysreg-defs.h
  CC      net/can/bcm.o - due to: arch/arm64/include/generated/asm/sysreg-defs.h
  CC      net/ipv6/xfrm6_state.o - due to: arch/arm64/include/generated/asm/sysreg-defs.h
  CC      fs/lockd/svcsubs.o - due to: arch/arm64/include/generated/asm/sysreg-defs.h
  CC      net/bridge/br_multicast.o - due to: arch/arm64/include/generated/asm/sysreg-defs.h
  CC      fs/ksmbd/server/unicode.o - due to: arch/arm64/include/generated/asm/sysreg-defs.h
  CC      net/ipv4/ip_tunnel_core.o - due to: arch/arm64/include/generated/asm/sysreg-defs.h
  CC      fs/nfs/namespace.o - due to: arch/arm64/include/generated/asm/sysreg-defs.h
  CC      net/can/gw.o - due to: arch/arm64/include/generated/asm/sysreg-defs.h
  CC      net/ipv6/xfrm6_input.o - due to: arch/arm64/include/generated/asm/sysreg-defs.h
  CC      fs/lockd/mon.o - due to: arch/arm64/include/generated/asm/sysreg-defs.h
  CC      net/bridge/br_mdb.o - due to: arch/arm64/include/generated/asm/sysreg-defs.h
  CC      fs/ksmbd/server/auth.o - due to: arch/arm64/include/generated/asm/sysreg-defs.h
  CC      net/ipv4/gre_offload.o - due to: arch/arm64/include/generated/asm/sysreg-defs.h
  CC      fs/nfs/mount_clnt.o - due to: arch/arm64/include/generated/asm/sysreg-defs.h
  AR      net/can/built-in.a - due to: net/can/af_can.o net/can/proc.o net/can/raw.o net/can/bcm.o net/can/gw.o
  CC      net/ipv6/xfrm6_output.o - due to: arch/arm64/include/generated/asm/sysreg-defs.h
  CC      fs/lockd/xdr.o - due to: arch/arm64/include/generated/asm/sysreg-defs.h
  CC      net/bridge/br_vlan.o - due to: arch/arm64/include/generated/asm/sysreg-defs.h
  CC      fs/ksmbd/server/vfs.o - due to: arch/arm64/include/generated/asm/sysreg-defs.h
  CC      net/ipv4/metrics.o - due to: arch/arm64/include/generated/asm/sysreg-defs.h
  CC      fs/nfs/nfstrace.o - due to: arch/arm64/include/generated/asm/sysreg-defs.h
  CC      net/ipv6/xfrm6_protocol.o - due to: arch/arm64/include/generated/asm/sysreg-defs.h
  CC      net/bridge/br_vlan_tunnel.o - due to: arch/arm64/include/generated/asm/sysreg-defs.h
  CC      fs/lockd/clnt4xdr.o - due to: arch/arm64/include/generated/asm/sysreg-defs.h
  CC      net/ipv4/netlink.o - due to: arch/arm64/include/generated/asm/sysreg-defs.h
  CC      fs/ksmbd/server/vfs_cache.o - due to: arch/arm64/include/generated/asm/sysreg-defs.h
  CC      fs/nfs/export.o - due to: arch/arm64/include/generated/asm/sysreg-defs.h
  CC      net/ipv6/netfilter.o - due to: arch/arm64/include/generated/asm/sysreg-defs.h
  CC      fs/lockd/xdr4.o - due to: arch/arm64/include/generated/asm/sysreg-defs.h
  CC      net/bridge/br_vlan_options.o - due to: arch/arm64/include/generated/asm/sysreg-defs.h
  CC      net/ipv4/nexthop.o - due to: arch/arm64/include/generated/asm/sysreg-defs.h
  CC      fs/ksmbd/server/server.o - due to: arch/arm64/include/generated/asm/sysreg-defs.h
  CC      fs/ntfs3/attrib.o - due to: arch/arm64/include/generated/asm/sysreg-defs.h
  CC      fs/nfs/sysfs.o - due to: arch/arm64/include/generated/asm/sysreg-defs.h
  CC      net/ipv6/fib6_rules.o - due to: arch/arm64/include/generated/asm/sysreg-defs.h
  CC      fs/lockd/svc4proc.o - due to: arch/arm64/include/generated/asm/sysreg-defs.h
  CC      net/bridge/br_switchdev.o - due to: arch/arm64/include/generated/asm/sysreg-defs.h
  CC      net/ipv4/udp_tunnel_stub.o - due to: arch/arm64/include/generated/asm/sysreg-defs.h
  CC      fs/ksmbd/server/ndr.o - due to: arch/arm64/include/generated/asm/sysreg-defs.h
  CC      fs/ntfs3/attrlist.o - due to: arch/arm64/include/generated/asm/sysreg-defs.h
  CC      fs/nfs/fs_context.o - due to: arch/arm64/include/generated/asm/sysreg-defs.h
  CC      net/ipv6/proc.o - due to: arch/arm64/include/generated/asm/sysreg-defs.h
  CC      fs/lockd/procfs.o - due to: arch/arm64/include/generated/asm/sysreg-defs.h
  AR      net/bridge/built-in.a - due to: net/bridge/br.o net/bridge/br_device.o net/bridge/br_fdb.o net/bridge/br_forward.o net/bridge/br_if.o net/bridge/br_input.o net/bridge/br_ioctl.o net/bridge/br_stp.o net/bridge/br_stp_bpdu.o net/bridge/br_stp_if.o net/bridge/br_stp_timer.o net/bridge/br_netlink.o net/bridge/br_netlink_tunnel.o net/bridge/br_arp_nd_proxy.o net/bridge/br_sysfs_if.o net/bridge/br_sysfs_br.o net/bridge/br_multicast.o net/bridge/br_mdb.o net/bridge/br_vlan.o net/bridge/br_vlan_tunnel.o net/bridge/br_vlan_options.o net/bridge/br_switchdev.o
  CC      kernel/auditsc.o - due to: arch/arm64/include/generated/asm/sysreg-defs.h
  CC      fs/ksmbd/server/misc.o - due to: arch/arm64/include/generated/asm/sysreg-defs.h
  CC      net/ipv4/ip_tunnel.o - due to: arch/arm64/include/generated/asm/sysreg-defs.h
  CC      fs/ntfs3/bitfunc.o - due to: arch/arm64/include/generated/asm/sysreg-defs.h
  CC      fs/nfs/nfsroot.o - due to: arch/arm64/include/generated/asm/sysreg-defs.h
  CC      net/ipv6/esp6.o - due to: arch/arm64/include/generated/asm/sysreg-defs.h
  AR      fs/lockd/built-in.a - due to: fs/lockd/clntlock.o fs/lockd/clntproc.o fs/lockd/clntxdr.o fs/lockd/host.o fs/lockd/svc.o fs/lockd/svclock.o fs/lockd/svcshare.o fs/lockd/svcproc.o fs/lockd/svcsubs.o fs/lockd/mon.o fs/lockd/xdr.o fs/lockd/clnt4xdr.o fs/lockd/xdr4.o fs/lockd/svc4proc.o fs/lockd/procfs.o
  CC      fs/nfs/sysctl.o - due to: arch/arm64/include/generated/asm/sysreg-defs.h
  CC      fs/ksmbd/server/oplock.o - due to: arch/arm64/include/generated/asm/sysreg-defs.h
  CC      net/ipv4/sysctl_net_ipv4.o - due to: arch/arm64/include/generated/asm/sysreg-defs.h
  CC      fs/ntfs3/bitmap.o - due to: arch/arm64/include/generated/asm/sysreg-defs.h
  CC      net/bluetooth/af_bluetooth.o - due to: arch/arm64/include/generated/asm/sysreg-defs.h
  CC      fs/nfs/nfs2super.o - due to: arch/arm64/include/generated/asm/sysreg-defs.h
  CC      fs/autofs/init.o - due to: arch/arm64/include/generated/asm/sysreg-defs.h
  CC      net/ipv6/netfilter/ip6_tables.o - due to: arch/arm64/include/generated/asm/sysreg-defs.h
  CC      fs/ntfs3/dir.o - due to: arch/arm64/include/generated/asm/sysreg-defs.h
  CC      fs/ksmbd/server/connection.o - due to: arch/arm64/include/generated/asm/sysreg-defs.h
  CC      net/ipv4/proc.o - due to: arch/arm64/include/generated/asm/sysreg-defs.h
  CC      net/bluetooth/hci_core.o - due to: arch/arm64/include/generated/asm/sysreg-defs.h
  CC      fs/nfs/proc.o - due to: arch/arm64/include/generated/asm/sysreg-defs.h
  CC      fs/autofs/inode.o - due to: arch/arm64/include/generated/asm/sysreg-defs.h
  CC      net/ipv6/netfilter/ip6table_filter.o - due to: arch/arm64/include/generated/asm/sysreg-defs.h
  CC      fs/ntfs3/fsntfs.o - due to: arch/arm64/include/generated/asm/sysreg-defs.h
  CC      net/ipv4/fib_rules.o - due to: arch/arm64/include/generated/asm/sysreg-defs.h
  CC      fs/ksmbd/server/ksmbd_work.o - due to: arch/arm64/include/generated/asm/sysreg-defs.h
  CC      net/bluetooth/hci_conn.o - due to: arch/arm64/include/generated/asm/sysreg-defs.h
  CC      fs/autofs/root.o - due to: arch/arm64/include/generated/asm/sysreg-defs.h
  CC      fs/nfs/nfs2xdr.o - due to: arch/arm64/include/generated/asm/sysreg-defs.h
  CC      net/ipv6/netfilter/ip6table_mangle.o - due to: arch/arm64/include/generated/asm/sysreg-defs.h
  CC      net/ipv4/udp_tunnel_core.o - due to: arch/arm64/include/generated/asm/sysreg-defs.h
  CC      fs/ksmbd/server/crypto_ctx.o - due to: arch/arm64/include/generated/asm/sysreg-defs.h
  CC      fs/ntfs3/frecord.o - due to: arch/arm64/include/generated/asm/sysreg-defs.h
  CC      net/bluetooth/hci_event.o - due to: arch/arm64/include/generated/asm/sysreg-defs.h
  CC      fs/autofs/symlink.o - due to: arch/arm64/include/generated/asm/sysreg-defs.h
  CC      fs/nfs/nfs3super.o - due to: arch/arm64/include/generated/asm/sysreg-defs.h
  CC      net/ipv6/netfilter/ip6table_raw.o - due to: arch/arm64/include/generated/asm/sysreg-defs.h
  CC      fs/ntfs3/file.o - due to: arch/arm64/include/generated/asm/sysreg-defs.h
  CC      net/ipv4/udp_tunnel_nic.o - due to: arch/arm64/include/generated/asm/sysreg-defs.h
  CC      fs/ksmbd/server/mgmt/ksmbd_ida.o - due to: arch/arm64/include/generated/asm/sysreg-defs.h
  CC      net/bluetooth/mgmt.o - due to: arch/arm64/include/generated/asm/sysreg-defs.h
  CC      fs/autofs/waitq.o - due to: arch/arm64/include/generated/asm/sysreg-defs.h
  CC      fs/nfs/nfs3client.o - due to: arch/arm64/include/generated/asm/sysreg-defs.h
  CC      net/ipv6/netfilter/ip6table_nat.o - due to: arch/arm64/include/generated/asm/sysreg-defs.h
  CC      net/ipv4/esp4.o - due to: arch/arm64/include/generated/asm/sysreg-defs.h
  CC      fs/ntfs3/fslog.o - due to: arch/arm64/include/generated/asm/sysreg-defs.h
  CC      fs/ksmbd/server/mgmt/user_config.o - due to: arch/arm64/include/generated/asm/sysreg-defs.h
  CC      net/bluetooth/hci_sock.o - due to: arch/arm64/include/generated/asm/sysreg-defs.h
  CC      fs/autofs/expire.o - due to: arch/arm64/include/generated/asm/sysreg-defs.h
  CC      fs/nfs/nfs3proc.o - due to: arch/arm64/include/generated/asm/sysreg-defs.h
  CC      net/ipv6/netfilter/nf_defrag_ipv6_hooks.o - due to: arch/arm64/include/generated/asm/sysreg-defs.h
  CC      net/ipv4/tunnel4.o - due to: arch/arm64/include/generated/asm/sysreg-defs.h
  CC      fs/ntfs3/inode.o - due to: arch/arm64/include/generated/asm/sysreg-defs.h
  CC      fs/ksmbd/server/mgmt/share_config.o - due to: arch/arm64/include/generated/asm/sysreg-defs.h
  CC      net/bluetooth/hci_sysfs.o - due to: arch/arm64/include/generated/asm/sysreg-defs.h
  CC      fs/autofs/dev-ioctl.o - due to: arch/arm64/include/generated/asm/sysreg-defs.h
  CC      fs/nfs/nfs3xdr.o - due to: arch/arm64/include/generated/asm/sysreg-defs.h
  CC      net/ipv6/netfilter/nf_conntrack_reasm.o - due to: arch/arm64/include/generated/asm/sysreg-defs.h
  CC      net/ipv4/ipconfig.o - due to: arch/arm64/include/generated/asm/sysreg-defs.h
  CC      fs/ntfs3/index.o - due to: arch/arm64/include/generated/asm/sysreg-defs.h
  CC      fs/ksmbd/server/mgmt/tree_connect.o - due to: arch/arm64/include/generated/asm/sysreg-defs.h
  CC      net/bluetooth/l2cap_core.o - due to: arch/arm64/include/generated/asm/sysreg-defs.h
  AR      fs/autofs/built-in.a - due to: fs/autofs/init.o fs/autofs/inode.o fs/autofs/root.o fs/autofs/symlink.o fs/autofs/waitq.o fs/autofs/expire.o fs/autofs/dev-ioctl.o
  CC      net/ipv4/netfilter.o - due to: arch/arm64/include/generated/asm/sysreg-defs.h
  CC      fs/nfs/nfs4proc.o - due to: arch/arm64/include/generated/asm/sysreg-defs.h
  CC      net/ipv6/netfilter/nf_socket_ipv6.o - due to: arch/arm64/include/generated/asm/sysreg-defs.h
  CC      fs/ntfs3/lznt.o - due to: arch/arm64/include/generated/asm/sysreg-defs.h
  CC      fs/ksmbd/server/mgmt/user_session.o - due to: arch/arm64/include/generated/asm/sysreg-defs.h
  CC      net/bluetooth/l2cap_sock.o - due to: arch/arm64/include/generated/asm/sysreg-defs.h
  CC      net/ipv4/netfilter/nf_defrag_ipv4.o - due to: arch/arm64/include/generated/asm/sysreg-defs.h
  CC      net/ipv6/netfilter/nf_tproxy_ipv6.o - due to: arch/arm64/include/generated/asm/sysreg-defs.h
  CC      fs/nfs/nfs4xdr.o - due to: arch/arm64/include/generated/asm/sysreg-defs.h
  CC      fs/ksmbd/server/smb_common.o - due to: arch/arm64/include/generated/asm/sysreg-defs.h
  CC      net/sunrpc/clnt.o - due to: arch/arm64/include/generated/asm/sysreg-defs.h
  CC      fs/ntfs3/namei.o - due to: arch/arm64/include/generated/asm/sysreg-defs.h
  CC      net/bluetooth/smp.o - due to: arch/arm64/include/generated/asm/sysreg-defs.h
  CC      net/ipv4/netfilter/nf_socket_ipv4.o - due to: arch/arm64/include/generated/asm/sysreg-defs.h
  CC      net/ipv6/netfilter/nf_log_ipv6.o - due to: arch/arm64/include/generated/asm/sysreg-defs.h
  CC      fs/nfs/nfs4state.o - due to: arch/arm64/include/generated/asm/sysreg-defs.h
  CC      fs/ksmbd/server/transport_tcp.o - due to: arch/arm64/include/generated/asm/sysreg-defs.h
  CC      net/sunrpc/xprt.o - due to: arch/arm64/include/generated/asm/sysreg-defs.h
  CC      fs/ntfs3/record.o - due to: arch/arm64/include/generated/asm/sysreg-defs.h
  CC      net/bluetooth/lib.o - due to: arch/arm64/include/generated/asm/sysreg-defs.h
  CC      net/ipv4/netfilter/nf_tproxy_ipv4.o - due to: arch/arm64/include/generated/asm/sysreg-defs.h
  CC      net/ipv6/netfilter/nf_reject_ipv6.o - due to: arch/arm64/include/generated/asm/sysreg-defs.h
  CC      fs/nfs/nfs4renewd.o - due to: arch/arm64/include/generated/asm/sysreg-defs.h
  CC      fs/ksmbd/server/transport_ipc.o - due to: arch/arm64/include/generated/asm/sysreg-defs.h
  CC      net/sunrpc/socklib.o - due to: arch/arm64/include/generated/asm/sysreg-defs.h
  CC      net/bluetooth/ecdh_helper.o - due to: arch/arm64/include/generated/asm/sysreg-defs.h
  CC      fs/ntfs3/run.o - due to: arch/arm64/include/generated/asm/sysreg-defs.h
  CC      net/ipv4/netfilter/nf_log_ipv4.o - due to: arch/arm64/include/generated/asm/sysreg-defs.h
  CC      net/ipv6/netfilter/nf_dup_ipv6.o - due to: arch/arm64/include/generated/asm/sysreg-defs.h
  CC      fs/ksmbd/server/smbacl.o - due to: arch/arm64/include/generated/asm/sysreg-defs.h
  CC      fs/nfs/nfs4super.o - due to: arch/arm64/include/generated/asm/sysreg-defs.h
  CC      net/bluetooth/hci_request.o - due to: arch/arm64/include/generated/asm/sysreg-defs.h
  CC      net/sunrpc/xprtsock.o - due to: arch/arm64/include/generated/asm/sysreg-defs.h
  CC      fs/ntfs3/super.o - due to: arch/arm64/include/generated/asm/sysreg-defs.h
  CC      net/ipv4/netfilter/nf_reject_ipv4.o - due to: arch/arm64/include/generated/asm/sysreg-defs.h
  CC      net/ipv6/netfilter/ip6t_REJECT.o - due to: arch/arm64/include/generated/asm/sysreg-defs.h
  CC      fs/ksmbd/server/smb2pdu.o - due to: arch/arm64/include/generated/asm/sysreg-defs.h
  CC      fs/nfs/nfs4file.o - due to: arch/arm64/include/generated/asm/sysreg-defs.h
  CC      net/bluetooth/mgmt_util.o - due to: arch/arm64/include/generated/asm/sysreg-defs.h
  CC      fs/ntfs3/upcase.o - due to: arch/arm64/include/generated/asm/sysreg-defs.h
  CC      net/sunrpc/sched.o - due to: arch/arm64/include/generated/asm/sysreg-defs.h
  CC      net/ipv4/netfilter/nf_nat_pptp.o - due to: arch/arm64/include/generated/asm/sysreg-defs.h
  AR      net/ipv6/netfilter/built-in.a - due to: net/ipv6/netfilter/ip6_tables.o net/ipv6/netfilter/ip6table_filter.o net/ipv6/netfilter/ip6table_mangle.o net/ipv6/netfilter/ip6table_raw.o net/ipv6/netfilter/ip6table_nat.o net/ipv6/netfilter/nf_defrag_ipv6_hooks.o net/ipv6/netfilter/nf_conntrack_reasm.o net/ipv6/netfilter/nf_socket_ipv6.o net/ipv6/netfilter/nf_tproxy_ipv6.o net/ipv6/netfilter/nf_log_ipv6.o net/ipv6/netfilter/nf_reject_ipv6.o net/ipv6/netfilter/nf_dup_ipv6.o net/ipv6/netfilter/ip6t_REJECT.o
  CC      net/ipv6/sit.o - due to: arch/arm64/include/generated/asm/sysreg-defs.h
  CC      fs/ksmbd/server/smb2ops.o - due to: arch/arm64/include/generated/asm/sysreg-defs.h
  CC      net/bluetooth/mgmt_config.o - due to: arch/arm64/include/generated/asm/sysreg-defs.h
  CC      fs/nfs/delegation.o - due to: arch/arm64/include/generated/asm/sysreg-defs.h
  CC      fs/ntfs3/xattr.o - due to: arch/arm64/include/generated/asm/sysreg-defs.h
  CC      net/sunrpc/auth.o - due to: arch/arm64/include/generated/asm/sysreg-defs.h
  CC      net/ipv4/netfilter/ip_tables.o - due to: arch/arm64/include/generated/asm/sysreg-defs.h
  CC      net/ipv6/addrconf_core.o - due to: arch/arm64/include/generated/asm/sysreg-defs.h
  CC      fs/ksmbd/server/smb2misc.o - due to: arch/arm64/include/generated/asm/sysreg-defs.h
  CC      net/bluetooth/sco.o - due to: arch/arm64/include/generated/asm/sysreg-defs.h
  CC      fs/nfs/nfs4idmap.o - due to: arch/arm64/include/generated/asm/sysreg-defs.h
  CC      net/sunrpc/auth_null.o - due to: arch/arm64/include/generated/asm/sysreg-defs.h
  CC      fs/ntfs3/lib/decompress_common.o - due to: arch/arm64/include/generated/asm/sysreg-defs.h
  CC      net/ipv4/netfilter/iptable_filter.o - due to: arch/arm64/include/generated/asm/sysreg-defs.h
  CC      net/ipv6/exthdrs_core.o - due to: arch/arm64/include/generated/asm/sysreg-defs.h
  CC      fs/ksmbd/server/asn1.o - due to: arch/arm64/include/generated/asm/sysreg-defs.h
  CC      net/bluetooth/leds.o - due to: arch/arm64/include/generated/asm/sysreg-defs.h
  CC      fs/nfs/callback.o - due to: arch/arm64/include/generated/asm/sysreg-defs.h
  CC      fs/ntfs3/lib/lzx_decompress.o - due to: arch/arm64/include/generated/asm/sysreg-defs.h
  CC      net/sunrpc/auth_unix.o - due to: arch/arm64/include/generated/asm/sysreg-defs.h
  CC      net/ipv4/netfilter/iptable_mangle.o - due to: arch/arm64/include/generated/asm/sysreg-defs.h
  AR      fs/ksmbd/server/built-in.a - due to: fs/ksmbd/server/unicode.o fs/ksmbd/server/auth.o fs/ksmbd/server/vfs.o fs/ksmbd/server/vfs_cache.o fs/ksmbd/server/server.o fs/ksmbd/server/ndr.o fs/ksmbd/server/misc.o fs/ksmbd/server/oplock.o fs/ksmbd/server/connection.o fs/ksmbd/server/ksmbd_work.o fs/ksmbd/server/crypto_ctx.o fs/ksmbd/server/mgmt/ksmbd_ida.o fs/ksmbd/server/mgmt/user_config.o fs/ksmbd/server/mgmt/share_config.o fs/ksmbd/server/mgmt/tree_connect.o fs/ksmbd/server/mgmt/user_session.o fs/ksmbd/server/smb_common.o fs/ksmbd/server/transport_tcp.o fs/ksmbd/server/transport_ipc.o fs/ksmbd/server/smbacl.o fs/ksmbd/server/smb2pdu.o fs/ksmbd/server/smb2ops.o fs/ksmbd/server/smb2misc.o fs/ksmbd/server/asn1.o
  CC      net/ipv6/ip6_checksum.o - due to: arch/arm64/include/generated/asm/sysreg-defs.h
  AR      fs/ksmbd/built-in.a - due to: fs/ksmbd/common/built-in.a fs/ksmbd/server/built-in.a
  CC      fs/nfs/callback_xdr.o - due to: arch/arm64/include/generated/asm/sysreg-defs.h
  CC      net/bluetooth/hidp/core.o - due to: arch/arm64/include/generated/asm/sysreg-defs.h
  CC      kernel/audit_watch.o - due to: arch/arm64/include/generated/asm/sysreg-defs.h
  CC      fs/ntfs3/lib/xpress_decompress.o - due to: arch/arm64/include/generated/asm/sysreg-defs.h
  CC      net/sunrpc/svc.o - due to: arch/arm64/include/generated/asm/sysreg-defs.h
  CC      net/ipv4/netfilter/iptable_nat.o - due to: arch/arm64/include/generated/asm/sysreg-defs.h
  CC      net/ipv6/ip6_icmp.o - due to: arch/arm64/include/generated/asm/sysreg-defs.h
  CC      net/ipv4/inet_diag.o - due to: arch/arm64/include/generated/asm/sysreg-defs.h
  CC      net/bluetooth/hidp/sock.o - due to: arch/arm64/include/generated/asm/sysreg-defs.h
  CC      fs/nfs/callback_proc.o - due to: arch/arm64/include/generated/asm/sysreg-defs.h
  AR      fs/ntfs3/built-in.a - due to: fs/ntfs3/attrib.o fs/ntfs3/attrlist.o fs/ntfs3/bitfunc.o fs/ntfs3/bitmap.o fs/ntfs3/dir.o fs/ntfs3/fsntfs.o fs/ntfs3/frecord.o fs/ntfs3/file.o fs/ntfs3/fslog.o fs/ntfs3/inode.o fs/ntfs3/index.o fs/ntfs3/lznt.o fs/ntfs3/namei.o fs/ntfs3/record.o fs/ntfs3/run.o fs/ntfs3/super.o fs/ntfs3/upcase.o fs/ntfs3/xattr.o fs/ntfs3/lib/decompress_common.o fs/ntfs3/lib/lzx_decompress.o fs/ntfs3/lib/xpress_decompress.o
  CC      net/ipv6/output_core.o - due to: arch/arm64/include/generated/asm/sysreg-defs.h
  CC      net/sunrpc/svcsock.o - due to: arch/arm64/include/generated/asm/sysreg-defs.h
  CC      net/ipv4/netfilter/iptable_raw.o - due to: arch/arm64/include/generated/asm/sysreg-defs.h
  CC      fs/nfs/nfs4namespace.o - due to: arch/arm64/include/generated/asm/sysreg-defs.h
  CC      fs/nfs/nfs4getroot.o - due to: arch/arm64/include/generated/asm/sysreg-defs.h
  AR      net/bluetooth/hidp/built-in.a - due to: net/bluetooth/hidp/core.o net/bluetooth/hidp/sock.o
  AR      net/bluetooth/built-in.a - due to: net/bluetooth/af_bluetooth.o net/bluetooth/hci_core.o net/bluetooth/hci_conn.o net/bluetooth/hci_event.o net/bluetooth/mgmt.o net/bluetooth/hci_sock.o net/bluetooth/hci_sysfs.o net/bluetooth/l2cap_core.o net/bluetooth/l2cap_sock.o net/bluetooth/smp.o net/bluetooth/lib.o net/bluetooth/ecdh_helper.o net/bluetooth/hci_request.o net/bluetooth/mgmt_util.o net/bluetooth/mgmt_config.o net/bluetooth/sco.o net/bluetooth/leds.o net/bluetooth/hidp/built-in.a
  CC      kernel/audit_fsnotify.o - due to: arch/arm64/include/generated/asm/sysreg-defs.h
  CC      net/l2tp/l2tp_core.o - due to: arch/arm64/include/generated/asm/sysreg-defs.h
  CC      net/ipv6/protocol.o - due to: arch/arm64/include/generated/asm/sysreg-defs.h
  CC      net/sunrpc/svcauth.o - due to: arch/arm64/include/generated/asm/sysreg-defs.h
  CC      net/ipv4/netfilter/iptable_security.o - due to: arch/arm64/include/generated/asm/sysreg-defs.h
  CC      kernel/audit_tree.o - due to: arch/arm64/include/generated/asm/sysreg-defs.h
  CC      net/ipv4/tcp_diag.o - due to: arch/arm64/include/generated/asm/sysreg-defs.h
  CC      fs/nfs/nfs4client.o - due to: arch/arm64/include/generated/asm/sysreg-defs.h
  CC      net/l2tp/l2tp_ppp.o - due to: arch/arm64/include/generated/asm/sysreg-defs.h
  CC      net/ipv6/ip6_offload.o - due to: arch/arm64/include/generated/asm/sysreg-defs.h
  CC      net/sunrpc/svcauth_unix.o - due to: arch/arm64/include/generated/asm/sysreg-defs.h
  CC      net/ipv4/netfilter/ipt_REJECT.o - due to: arch/arm64/include/generated/asm/sysreg-defs.h
  CC      net/8021q/vlan_core.o - due to: arch/arm64/include/generated/asm/sysreg-defs.h
  CC      fs/nfs/nfs4session.o - due to: arch/arm64/include/generated/asm/sysreg-defs.h
  AR      net/l2tp/built-in.a - due to: net/l2tp/l2tp_core.o net/l2tp/l2tp_ppp.o
  CC      net/wireless/wext-core.o - due to: arch/arm64/include/generated/asm/sysreg-defs.h
  CC      net/ipv6/tcpv6_offload.o - due to: arch/arm64/include/generated/asm/sysreg-defs.h
  CC      fs/fuse/dev.o - due to: arch/arm64/include/generated/asm/sysreg-defs.h
  CC      net/sunrpc/addr.o - due to: arch/arm64/include/generated/asm/sysreg-defs.h
  CC      net/ipv4/netfilter/arp_tables.o - due to: arch/arm64/include/generated/asm/sysreg-defs.h
  CC      net/8021q/vlan.o - due to: arch/arm64/include/generated/asm/sysreg-defs.h
  CC      fs/nfs/dns_resolve.o - due to: arch/arm64/include/generated/asm/sysreg-defs.h
  CC      net/wireless/wext-proc.o - due to: arch/arm64/include/generated/asm/sysreg-defs.h
  CC      net/ipv6/exthdrs_offload.o - due to: arch/arm64/include/generated/asm/sysreg-defs.h
  CC      fs/fuse/dir.o - due to: arch/arm64/include/generated/asm/sysreg-defs.h
  CC      net/sunrpc/rpcb_clnt.o - due to: arch/arm64/include/generated/asm/sysreg-defs.h
  CC      net/ipv4/netfilter/arpt_mangle.o - due to: arch/arm64/include/generated/asm/sysreg-defs.h
  CC      net/8021q/vlan_dev.o - due to: arch/arm64/include/generated/asm/sysreg-defs.h
  CC      fs/nfs/nfs4trace.o - due to: arch/arm64/include/generated/asm/sysreg-defs.h
  CC      net/wireless/wext-priv.o - due to: arch/arm64/include/generated/asm/sysreg-defs.h
  CC      net/ipv6/inet6_hashtables.o - due to: arch/arm64/include/generated/asm/sysreg-defs.h
  CC      fs/fuse/file.o - due to: arch/arm64/include/generated/asm/sysreg-defs.h
  CC      net/sunrpc/timer.o - due to: arch/arm64/include/generated/asm/sysreg-defs.h
  CC      net/ipv4/netfilter/arptable_filter.o - due to: arch/arm64/include/generated/asm/sysreg-defs.h
  CC      net/8021q/vlan_netlink.o - due to: arch/arm64/include/generated/asm/sysreg-defs.h
  CC      fs/nfs/nfs4sysctl.o - due to: arch/arm64/include/generated/asm/sysreg-defs.h
  CC [M]  net/wireless/core.o - due to: arch/arm64/include/generated/asm/sysreg-defs.h
  CC      net/ipv6/ip6_udp_tunnel.o - due to: arch/arm64/include/generated/asm/sysreg-defs.h
  CC      net/sunrpc/xdr.o - due to: arch/arm64/include/generated/asm/sysreg-defs.h
  CC      fs/fuse/inode.o - due to: arch/arm64/include/generated/asm/sysreg-defs.h
  CC      net/ipv4/netfilter/nf_dup_ipv4.o - due to: arch/arm64/include/generated/asm/sysreg-defs.h
  CC      net/8021q/vlan_gvrp.o - due to: arch/arm64/include/generated/asm/sysreg-defs.h
  CC      fs/nfs/pnfs.o - due to: arch/arm64/include/generated/asm/sysreg-defs.h
  CC [M]  net/wireless/sysfs.o - due to: arch/arm64/include/generated/asm/sysreg-defs.h
  CC      net/ipv6/mcast_snoop.o - due to: arch/arm64/include/generated/asm/sysreg-defs.h
  CC      net/sunrpc/sunrpc_syms.o - due to: arch/arm64/include/generated/asm/sysreg-defs.h
  CC      fs/fuse/control.o - due to: arch/arm64/include/generated/asm/sysreg-defs.h
  AR      net/ipv4/netfilter/built-in.a - due to: net/ipv4/netfilter/nf_defrag_ipv4.o net/ipv4/netfilter/nf_socket_ipv4.o net/ipv4/netfilter/nf_tproxy_ipv4.o net/ipv4/netfilter/nf_log_ipv4.o net/ipv4/netfilter/nf_reject_ipv4.o net/ipv4/netfilter/nf_nat_pptp.o net/ipv4/netfilter/ip_tables.o net/ipv4/netfilter/iptable_filter.o net/ipv4/netfilter/iptable_mangle.o net/ipv4/netfilter/iptable_nat.o net/ipv4/netfilter/iptable_raw.o net/ipv4/netfilter/iptable_security.o net/ipv4/netfilter/ipt_REJECT.o net/ipv4/netfilter/arp_tables.o net/ipv4/netfilter/arpt_mangle.o net/ipv4/netfilter/arptable_filter.o net/ipv4/netfilter/nf_dup_ipv4.o
  CC      net/ipv4/udp_diag.o - due to: arch/arm64/include/generated/asm/sysreg-defs.h
  CC      net/8021q/vlan_mvrp.o - due to: arch/arm64/include/generated/asm/sysreg-defs.h
  CC      fs/nfs/pnfs_dev.o - due to: arch/arm64/include/generated/asm/sysreg-defs.h
  CC [M]  net/wireless/radiotap.o - due to: arch/arm64/include/generated/asm/sysreg-defs.h
  AR      net/ipv6/built-in.a - due to: net/ipv6/af_inet6.o net/ipv6/anycast.o net/ipv6/ip6_output.o net/ipv6/ip6_input.o net/ipv6/addrconf.o net/ipv6/addrlabel.o net/ipv6/route.o net/ipv6/ip6_fib.o net/ipv6/ipv6_sockglue.o net/ipv6/ndisc.o net/ipv6/udp.o net/ipv6/udplite.o net/ipv6/raw.o net/ipv6/icmp.o net/ipv6/mcast.o net/ipv6/reassembly.o net/ipv6/tcp_ipv6.o net/ipv6/ping.o net/ipv6/exthdrs.o net/ipv6/datagram.o net/ipv6/ip6_flowlabel.o net/ipv6/inet6_connection_sock.o net/ipv6/udp_offload.o net/ipv6/seg6.o net/ipv6/fib6_notifier.o net/ipv6/rpl.o net/ipv6/sysctl_net_ipv6.o net/ipv6/xfrm6_policy.o net/ipv6/xfrm6_state.o net/ipv6/xfrm6_input.o net/ipv6/xfrm6_output.o net/ipv6/xfrm6_protocol.o net/ipv6/netfilter.o net/ipv6/fib6_rules.o net/ipv6/proc.o net/ipv6/esp6.o net/ipv6/netfilter/built-in.a net/ipv6/sit.o net/ipv6/addrconf_core.o net/ipv6/exthdrs_core.o net/ipv6/ip6_checksum.o net/ipv6/ip6_icmp.o net/ipv6/output_core.o net/ipv6/protocol.o net/ipv6/ip6_offload.o net/ipv6/tcpv6_offload.o net/ipv6/exthdrs_offload.o net/ipv6/inet6_hashtables.o net/ipv6/ip6_udp_tunnel.o net/ipv6/mcast_snoop.o
  CC      net/sunrpc/cache.o - due to: arch/arm64/include/generated/asm/sysreg-defs.h
  CC      kernel/kprobes.o - due to: arch/arm64/include/generated/asm/sysreg-defs.h
  CC      fs/fuse/xattr.o - due to: arch/arm64/include/generated/asm/sysreg-defs.h
  CC      net/8021q/vlanproc.o - due to: arch/arm64/include/generated/asm/sysreg-defs.h
  CC      net/ipv4/tcp_cubic.o - due to: arch/arm64/include/generated/asm/sysreg-defs.h
  CC      fs/nfs/pnfs_nfs.o - due to: arch/arm64/include/generated/asm/sysreg-defs.h
  CC [M]  net/wireless/util.o - due to: arch/arm64/include/generated/asm/sysreg-defs.h
  CC      net/sunrpc/rpc_pipe.o - due to: arch/arm64/include/generated/asm/sysreg-defs.h
  CC      fs/fuse/acl.o - due to: arch/arm64/include/generated/asm/sysreg-defs.h
  CC      fs/overlayfs/super.o - due to: arch/arm64/include/generated/asm/sysreg-defs.h
  AR      net/8021q/built-in.a - due to: net/8021q/vlan_core.o net/8021q/vlan.o net/8021q/vlan_dev.o net/8021q/vlan_netlink.o net/8021q/vlan_gvrp.o net/8021q/vlan_mvrp.o net/8021q/vlanproc.o
  CC      net/ipv4/xfrm4_policy.o - due to: arch/arm64/include/generated/asm/sysreg-defs.h
  CC      fs/incfs/data_mgmt.o - due to: arch/arm64/include/generated/asm/sysreg-defs.h
  CC      fs/nfs/nfs42proc.o - due to: arch/arm64/include/generated/asm/sysreg-defs.h
  CC [M]  net/wireless/reg.o - due to: arch/arm64/include/generated/asm/sysreg-defs.h
  CC      net/sunrpc/svc_xprt.o - due to: arch/arm64/include/generated/asm/sysreg-defs.h
  CC      fs/fuse/readdir.o - due to: arch/arm64/include/generated/asm/sysreg-defs.h
  CC      fs/overlayfs/namei.o - due to: arch/arm64/include/generated/asm/sysreg-defs.h
  CC      net/ipv4/xfrm4_state.o - due to: arch/arm64/include/generated/asm/sysreg-defs.h
  CC      fs/incfs/format.o - due to: arch/arm64/include/generated/asm/sysreg-defs.h
  CC      fs/nfs/nfs42xattr.o - due to: arch/arm64/include/generated/asm/sysreg-defs.h
  CC [M]  net/wireless/scan.o - due to: arch/arm64/include/generated/asm/sysreg-defs.h
  CC      net/sunrpc/xprtmultipath.o - due to: arch/arm64/include/generated/asm/sysreg-defs.h
  CC      fs/fuse/passthrough.o - due to: arch/arm64/include/generated/asm/sysreg-defs.h
  CC      fs/overlayfs/util.o - due to: arch/arm64/include/generated/asm/sysreg-defs.h
  CC      net/ipv4/xfrm4_input.o - due to: arch/arm64/include/generated/asm/sysreg-defs.h
  CC      fs/incfs/integrity.o - due to: arch/arm64/include/generated/asm/sysreg-defs.h
  CC      fs/nfs/filelayout/filelayout.o - due to: arch/arm64/include/generated/asm/sysreg-defs.h
  CC [M]  net/wireless/nl80211.o - due to: arch/arm64/include/generated/asm/sysreg-defs.h
  CC      net/sunrpc/backchannel_rqst.o - due to: arch/arm64/include/generated/asm/sysreg-defs.h
  CC      fs/fuse/cuse.o - due to: arch/arm64/include/generated/asm/sysreg-defs.h
  CC      fs/overlayfs/inode.o - due to: arch/arm64/include/generated/asm/sysreg-defs.h
  CC      net/ipv4/xfrm4_output.o - due to: arch/arm64/include/generated/asm/sysreg-defs.h
  CC      fs/incfs/main.o - due to: arch/arm64/include/generated/asm/sysreg-defs.h
  CC      fs/nfs/filelayout/filelayoutdev.o - due to: arch/arm64/include/generated/asm/sysreg-defs.h
  CC [M]  net/wireless/mlme.o - due to: arch/arm64/include/generated/asm/sysreg-defs.h
  CC      net/sunrpc/stats.o - due to: arch/arm64/include/generated/asm/sysreg-defs.h
  CC      fs/overlayfs/file.o - due to: arch/arm64/include/generated/asm/sysreg-defs.h
  CC      fs/fuse/virtio_fs.o - due to: arch/arm64/include/generated/asm/sysreg-defs.h
  CC      fs/incfs/pseudo_files.o - due to: arch/arm64/include/generated/asm/sysreg-defs.h
  CC      net/ipv4/xfrm4_protocol.o - due to: arch/arm64/include/generated/asm/sysreg-defs.h
  AR      fs/nfs/filelayout/built-in.a - due to: fs/nfs/filelayout/filelayout.o fs/nfs/filelayout/filelayoutdev.o
  CC [M]  net/wireless/ibss.o - due to: arch/arm64/include/generated/asm/sysreg-defs.h
  CC      fs/nfs/blocklayout/blocklayout.o - due to: arch/arm64/include/generated/asm/sysreg-defs.h
  CC      fs/overlayfs/dir.o - due to: arch/arm64/include/generated/asm/sysreg-defs.h
  CC      net/sunrpc/sysctl.o - due to: arch/arm64/include/generated/asm/sysreg-defs.h
  AR      fs/fuse/built-in.a - due to: fs/fuse/dev.o fs/fuse/dir.o fs/fuse/file.o fs/fuse/inode.o fs/fuse/control.o fs/fuse/xattr.o fs/fuse/acl.o fs/fuse/readdir.o fs/fuse/passthrough.o fs/fuse/cuse.o fs/fuse/virtio_fs.o
  CC      net/ipv4/bpf_tcp_ca.o - due to: arch/arm64/include/generated/asm/sysreg-defs.h
  CC      fs/incfs/sysfs.o - due to: arch/arm64/include/generated/asm/sysreg-defs.h
  CC      kernel/hung_task.o - due to: arch/arm64/include/generated/asm/sysreg-defs.h
  CC [M]  net/wireless/sme.o - due to: arch/arm64/include/generated/asm/sysreg-defs.h
  CC      fs/nfs/blocklayout/dev.o - due to: arch/arm64/include/generated/asm/sysreg-defs.h
  CC      fs/overlayfs/readdir.o - due to: arch/arm64/include/generated/asm/sysreg-defs.h
  AR      net/ipv4/built-in.a - due to: net/ipv4/route.o net/ipv4/inetpeer.o net/ipv4/protocol.o net/ipv4/ip_input.o net/ipv4/ip_fragment.o net/ipv4/ip_forward.o net/ipv4/ip_options.o net/ipv4/ip_output.o net/ipv4/ip_sockglue.o net/ipv4/inet_hashtables.o net/ipv4/inet_timewait_sock.o net/ipv4/inet_connection_sock.o net/ipv4/tcp.o net/ipv4/tcp_input.o net/ipv4/tcp_output.o net/ipv4/tcp_timer.o net/ipv4/tcp_ipv4.o net/ipv4/tcp_minisocks.o net/ipv4/tcp_cong.o net/ipv4/tcp_metrics.o net/ipv4/tcp_fastopen.o net/ipv4/tcp_rate.o net/ipv4/tcp_recovery.o net/ipv4/tcp_ulp.o net/ipv4/tcp_offload.o net/ipv4/datagram.o net/ipv4/raw.o net/ipv4/udp.o net/ipv4/udplite.o net/ipv4/udp_offload.o net/ipv4/arp.o net/ipv4/icmp.o net/ipv4/devinet.o net/ipv4/af_inet.o net/ipv4/igmp.o net/ipv4/fib_frontend.o net/ipv4/fib_semantics.o net/ipv4/fib_trie.o net/ipv4/fib_notifier.o net/ipv4/inet_fragment.o net/ipv4/ping.o net/ipv4/ip_tunnel_core.o net/ipv4/gre_offload.o net/ipv4/metrics.o net/ipv4/netlink.o net/ipv4/nexthop.o net/ipv4/udp_tunnel_stub.o net/ipv4/ip_tunnel.o net/ipv4/sysctl_net_ipv4.o net/ipv4/proc.o net/ipv4/fib_rules.o net/ipv4/udp_tunnel_core.o net/ipv4/udp_tunnel_nic.o net/ipv4/esp4.o net/ipv4/tunnel4.o net/ipv4/ipconfig.o net/ipv4/netfilter.o net/ipv4/netfilter/built-in.a net/ipv4/inet_diag.o net/ipv4/tcp_diag.o net/ipv4/udp_diag.o net/ipv4/tcp_cubic.o net/ipv4/xfrm4_policy.o net/ipv4/xfrm4_state.o net/ipv4/xfrm4_input.o net/ipv4/xfrm4_output.o net/ipv4/xfrm4_protocol.o net/ipv4/bpf_tcp_ca.o
  CC      net/sunrpc/auth_gss/auth_gss.o - due to: arch/arm64/include/generated/asm/sysreg-defs.h
  CC      fs/incfs/vfs.o - due to: arch/arm64/include/generated/asm/sysreg-defs.h
  CC      fs/nfs/flexfilelayout/flexfilelayout.o - due to: arch/arm64/include/generated/asm/sysreg-defs.h
  CC [M]  net/wireless/chan.o - due to: arch/arm64/include/generated/asm/sysreg-defs.h
  CC      fs/9p/vfs_super.o - due to: arch/arm64/include/generated/asm/sysreg-defs.h
  CC      fs/nfs/blocklayout/extent_tree.o - due to: arch/arm64/include/generated/asm/sysreg-defs.h
  CC      fs/overlayfs/copy_up.o - due to: arch/arm64/include/generated/asm/sysreg-defs.h
  CC      net/sunrpc/auth_gss/gss_generic_token.o - due to: arch/arm64/include/generated/asm/sysreg-defs.h
  CC      fs/incfs/verity.o - due to: arch/arm64/include/generated/asm/sysreg-defs.h
  CC      fs/nfs/flexfilelayout/flexfilelayoutdev.o - due to: arch/arm64/include/generated/asm/sysreg-defs.h
  CC [M]  net/wireless/ethtool.o - due to: arch/arm64/include/generated/asm/sysreg-defs.h
  CC      fs/9p/vfs_inode.o - due to: arch/arm64/include/generated/asm/sysreg-defs.h
  CC      fs/nfs/blocklayout/rpc_pipefs.o - due to: arch/arm64/include/generated/asm/sysreg-defs.h
  CC      fs/overlayfs/export.o - due to: arch/arm64/include/generated/asm/sysreg-defs.h
  CC      net/sunrpc/auth_gss/gss_mech_switch.o - due to: arch/arm64/include/generated/asm/sysreg-defs.h
  AR      fs/incfs/built-in.a - due to: fs/incfs/data_mgmt.o fs/incfs/format.o fs/incfs/integrity.o fs/incfs/main.o fs/incfs/pseudo_files.o fs/incfs/sysfs.o fs/incfs/vfs.o fs/incfs/verity.o
  CC      net/sunrpc/auth_gss/svcauth_gss.o - due to: arch/arm64/include/generated/asm/sysreg-defs.h
  AR      fs/nfs/flexfilelayout/built-in.a - due to: fs/nfs/flexfilelayout/flexfilelayout.o fs/nfs/flexfilelayout/flexfilelayoutdev.o
  CC [M]  net/wireless/mesh.o - due to: arch/arm64/include/generated/asm/sysreg-defs.h
  CC      net/rfkill/core.o - due to: arch/arm64/include/generated/asm/sysreg-defs.h
  CC      fs/9p/vfs_inode_dotl.o - due to: arch/arm64/include/generated/asm/sysreg-defs.h
  AR      fs/nfs/blocklayout/built-in.a - due to: fs/nfs/blocklayout/blocklayout.o fs/nfs/blocklayout/dev.o fs/nfs/blocklayout/extent_tree.o fs/nfs/blocklayout/rpc_pipefs.o
  AR      fs/nfs/built-in.a - due to: fs/nfs/client.o fs/nfs/dir.o fs/nfs/file.o fs/nfs/getroot.o fs/nfs/inode.o fs/nfs/super.o fs/nfs/io.o fs/nfs/direct.o fs/nfs/pagelist.o fs/nfs/read.o fs/nfs/symlink.o fs/nfs/unlink.o fs/nfs/write.o fs/nfs/namespace.o fs/nfs/mount_clnt.o fs/nfs/nfstrace.o fs/nfs/export.o fs/nfs/sysfs.o fs/nfs/fs_context.o fs/nfs/nfsroot.o fs/nfs/sysctl.o fs/nfs/nfs2super.o fs/nfs/proc.o fs/nfs/nfs2xdr.o fs/nfs/nfs3super.o fs/nfs/nfs3client.o fs/nfs/nfs3proc.o fs/nfs/nfs3xdr.o fs/nfs/nfs4proc.o fs/nfs/nfs4xdr.o fs/nfs/nfs4state.o fs/nfs/nfs4renewd.o fs/nfs/nfs4super.o fs/nfs/nfs4file.o fs/nfs/delegation.o fs/nfs/nfs4idmap.o fs/nfs/callback.o fs/nfs/callback_xdr.o fs/nfs/callback_proc.o fs/nfs/nfs4namespace.o fs/nfs/nfs4getroot.o fs/nfs/nfs4client.o fs/nfs/nfs4session.o fs/nfs/dns_resolve.o fs/nfs/nfs4trace.o fs/nfs/nfs4sysctl.o fs/nfs/pnfs.o fs/nfs/pnfs_dev.o fs/nfs/pnfs_nfs.o fs/nfs/nfs42proc.o fs/nfs/nfs42xattr.o fs/nfs/filelayout/built-in.a fs/nfs/blocklayout/built-in.a fs/nfs/flexfilelayout/built-in.a
  CC [M]  net/wireless/ap.o - due to: arch/arm64/include/generated/asm/sysreg-defs.h
  AR      fs/overlayfs/built-in.a - due to: fs/overlayfs/super.o fs/overlayfs/namei.o fs/overlayfs/util.o fs/overlayfs/inode.o fs/overlayfs/file.o fs/overlayfs/dir.o fs/overlayfs/readdir.o fs/overlayfs/copy_up.o fs/overlayfs/export.o
  CC      net/sunrpc/auth_gss/gss_rpc_upcall.o - due to: arch/arm64/include/generated/asm/sysreg-defs.h
  CC      net/rfkill/input.o - due to: arch/arm64/include/generated/asm/sysreg-defs.h
  CC      fs/9p/vfs_addr.o - due to: arch/arm64/include/generated/asm/sysreg-defs.h
  CC      kernel/watchdog.o - due to: arch/arm64/include/generated/asm/sysreg-defs.h
  CC      net/9p/mod.o - due to: arch/arm64/include/generated/asm/sysreg-defs.h
  CC      fs/netfs/buffered_read.o - due to: arch/arm64/include/generated/asm/sysreg-defs.h
  CC      net/sunrpc/auth_gss/gss_rpc_xdr.o - due to: arch/arm64/include/generated/asm/sysreg-defs.h
  CC [M]  net/wireless/trace.o - due to: arch/arm64/include/generated/asm/sysreg-defs.h
  AR      net/rfkill/built-in.a - due to: net/rfkill/core.o net/rfkill/input.o
  CC      fs/debugfs/inode.o - due to: arch/arm64/include/generated/asm/sysreg-defs.h
  CC      fs/9p/vfs_file.o - due to: arch/arm64/include/generated/asm/sysreg-defs.h
  CC      fs/debugfs/file.o - due to: arch/arm64/include/generated/asm/sysreg-defs.h
  CC      net/sunrpc/auth_gss/trace.o - due to: arch/arm64/include/generated/asm/sysreg-defs.h
  CC      net/9p/client.o - due to: arch/arm64/include/generated/asm/sysreg-defs.h
  CC [M]  net/wireless/ocb.o - due to: arch/arm64/include/generated/asm/sysreg-defs.h
  CC      fs/netfs/io.o - due to: arch/arm64/include/generated/asm/sysreg-defs.h
  CC      fs/tracefs/inode.o - due to: arch/arm64/include/generated/asm/sysreg-defs.h
  CC      fs/9p/vfs_dir.o - due to: arch/arm64/include/generated/asm/sysreg-defs.h
  AR      fs/debugfs/built-in.a - due to: fs/debugfs/inode.o fs/debugfs/file.o
  CC      fs/9p/vfs_dentry.o - due to: arch/arm64/include/generated/asm/sysreg-defs.h
  CC      net/sunrpc/auth_gss/gss_krb5_mech.o - due to: arch/arm64/include/generated/asm/sysreg-defs.h
  CC      fs/netfs/main.o - due to: arch/arm64/include/generated/asm/sysreg-defs.h
  CC [M]  net/wireless/pmsr.o - due to: arch/arm64/include/generated/asm/sysreg-defs.h
  CC      net/9p/error.o - due to: arch/arm64/include/generated/asm/sysreg-defs.h
  AR      fs/tracefs/built-in.a - due to: fs/tracefs/inode.o
  CC      kernel/seccomp.o - due to: arch/arm64/include/generated/asm/sysreg-defs.h
  CC      fs/9p/v9fs.o - due to: arch/arm64/include/generated/asm/sysreg-defs.h
  CC      fs/f2fs/dir.o - due to: arch/arm64/include/generated/asm/sysreg-defs.h
  CC      net/sunrpc/auth_gss/gss_krb5_seal.o - due to: arch/arm64/include/generated/asm/sysreg-defs.h
  CC      net/9p/protocol.o - due to: arch/arm64/include/generated/asm/sysreg-defs.h
  CC [M]  net/wireless/of.o - due to: arch/arm64/include/generated/asm/sysreg-defs.h
  CC      fs/netfs/objects.o - due to: arch/arm64/include/generated/asm/sysreg-defs.h
  CC      fs/f2fs/file.o - due to: arch/arm64/include/generated/asm/sysreg-defs.h
  CC      fs/9p/fid.o - due to: arch/arm64/include/generated/asm/sysreg-defs.h
  CC      net/9p/trans_fd.o - due to: arch/arm64/include/generated/asm/sysreg-defs.h
  CC      net/sunrpc/auth_gss/gss_krb5_unseal.o - due to: arch/arm64/include/generated/asm/sysreg-defs.h
  CC      net/sysctl_net.o - due to: arch/arm64/include/generated/asm/sysreg-defs.h
  AR      fs/netfs/built-in.a - due to: fs/netfs/buffered_read.o fs/netfs/io.o fs/netfs/main.o fs/netfs/objects.o
  CC      fs/f2fs/inode.o - due to: arch/arm64/include/generated/asm/sysreg-defs.h
  CC [M]  net/wireless/shipped-certs.o - due to: arch/arm64/include/generated/asm/sysreg-defs.h
  CC      kernel/utsname_sysctl.o - due to: arch/arm64/include/generated/asm/sysreg-defs.h
  CC      fs/9p/xattr.o - due to: arch/arm64/include/generated/asm/sysreg-defs.h
  CC      net/9p/trans_common.o - due to: arch/arm64/include/generated/asm/sysreg-defs.h
  CC      net/sunrpc/auth_gss/gss_krb5_seqnum.o - due to: arch/arm64/include/generated/asm/sysreg-defs.h
  CC      fs/pstore/inode.o - due to: arch/arm64/include/generated/asm/sysreg-defs.h
  CC      fs/f2fs/namei.o - due to: arch/arm64/include/generated/asm/sysreg-defs.h
  AR      net/wireless/built-in.a - due to: net/wireless/wext-core.o net/wireless/wext-proc.o net/wireless/wext-priv.o
  AR [M]  net/wireless/cfg80211.o - due to: net/wireless/core.o net/wireless/sysfs.o net/wireless/radiotap.o net/wireless/util.o net/wireless/reg.o net/wireless/scan.o net/wireless/nl80211.o net/wireless/mlme.o net/wireless/ibss.o net/wireless/sme.o net/wireless/chan.o net/wireless/ethtool.o net/wireless/mesh.o net/wireless/ap.o net/wireless/trace.o net/wireless/ocb.o net/wireless/pmsr.o net/wireless/of.o net/wireless/shipped-certs.o
  CC      net/dns_resolver/dns_key.o - due to: arch/arm64/include/generated/asm/sysreg-defs.h
  AR      fs/9p/built-in.a - due to: fs/9p/vfs_super.o fs/9p/vfs_inode.o fs/9p/vfs_inode_dotl.o fs/9p/vfs_addr.o fs/9p/vfs_file.o fs/9p/vfs_dir.o fs/9p/vfs_dentry.o fs/9p/v9fs.o fs/9p/fid.o fs/9p/xattr.o
  CC      net/nfc/core.o - due to: arch/arm64/include/generated/asm/sysreg-defs.h
  CC      fs/pstore/platform.o - due to: arch/arm64/include/generated/asm/sysreg-defs.h
  CC      net/9p/trans_virtio.o - due to: arch/arm64/include/generated/asm/sysreg-defs.h
  CC      net/sunrpc/auth_gss/gss_krb5_wrap.o - due to: arch/arm64/include/generated/asm/sysreg-defs.h
  CC      fs/f2fs/hash.o - due to: arch/arm64/include/generated/asm/sysreg-defs.h
  CC      fs/efivarfs/inode.o - due to: arch/arm64/include/generated/asm/sysreg-defs.h
  CC      net/dns_resolver/dns_query.o - due to: arch/arm64/include/generated/asm/sysreg-defs.h
  CC      net/nfc/netlink.o - due to: arch/arm64/include/generated/asm/sysreg-defs.h
  AR      net/9p/built-in.a - due to: net/9p/mod.o net/9p/client.o net/9p/error.o net/9p/protocol.o net/9p/trans_fd.o net/9p/trans_common.o net/9p/trans_virtio.o
  CC      kernel/delayacct.o - due to: arch/arm64/include/generated/asm/sysreg-defs.h
  CC      fs/pstore/pmsg.o - due to: arch/arm64/include/generated/asm/sysreg-defs.h
  CC      net/sunrpc/auth_gss/gss_krb5_crypto.o - due to: arch/arm64/include/generated/asm/sysreg-defs.h
  CC      fs/f2fs/super.o - due to: arch/arm64/include/generated/asm/sysreg-defs.h
  CC      fs/efivarfs/file.o - due to: arch/arm64/include/generated/asm/sysreg-defs.h
  AR      net/dns_resolver/built-in.a - due to: net/dns_resolver/dns_key.o net/dns_resolver/dns_query.o
  CC      fs/pstore/ram.o - due to: arch/arm64/include/generated/asm/sysreg-defs.h
  CC      net/nfc/af_nfc.o - due to: arch/arm64/include/generated/asm/sysreg-defs.h
  CC [M]  fs/susfs.o - due to: arch/arm64/include/generated/asm/sysreg-defs.h
  CC      net/sunrpc/auth_gss/gss_krb5_keys.o - due to: arch/arm64/include/generated/asm/sysreg-defs.h
  CC      fs/f2fs/inline.o - due to: arch/arm64/include/generated/asm/sysreg-defs.h
  CC      fs/erofs/super.o - due to: arch/arm64/include/generated/asm/sysreg-defs.h
  CC      fs/efivarfs/super.o - due to: arch/arm64/include/generated/asm/sysreg-defs.h
  CC      fs/pstore/ram_core.o - due to: arch/arm64/include/generated/asm/sysreg-defs.h
  CC      net/nfc/rawsock.o - due to: arch/arm64/include/generated/asm/sysreg-defs.h
  AR      net/sunrpc/auth_gss/built-in.a - due to: net/sunrpc/auth_gss/auth_gss.o net/sunrpc/auth_gss/gss_generic_token.o net/sunrpc/auth_gss/gss_mech_switch.o net/sunrpc/auth_gss/svcauth_gss.o net/sunrpc/auth_gss/gss_rpc_upcall.o net/sunrpc/auth_gss/gss_rpc_xdr.o net/sunrpc/auth_gss/trace.o net/sunrpc/auth_gss/gss_krb5_mech.o net/sunrpc/auth_gss/gss_krb5_seal.o net/sunrpc/auth_gss/gss_krb5_unseal.o net/sunrpc/auth_gss/gss_krb5_seqnum.o net/sunrpc/auth_gss/gss_krb5_wrap.o net/sunrpc/auth_gss/gss_krb5_crypto.o net/sunrpc/auth_gss/gss_krb5_keys.o
  AR      net/sunrpc/built-in.a - due to: net/sunrpc/clnt.o net/sunrpc/xprt.o net/sunrpc/socklib.o net/sunrpc/xprtsock.o net/sunrpc/sched.o net/sunrpc/auth.o net/sunrpc/auth_null.o net/sunrpc/auth_unix.o net/sunrpc/svc.o net/sunrpc/svcsock.o net/sunrpc/svcauth.o net/sunrpc/svcauth_unix.o net/sunrpc/addr.o net/sunrpc/rpcb_clnt.o net/sunrpc/timer.o net/sunrpc/xdr.o net/sunrpc/sunrpc_syms.o net/sunrpc/cache.o net/sunrpc/rpc_pipe.o net/sunrpc/svc_xprt.o net/sunrpc/xprtmultipath.o net/sunrpc/backchannel_rqst.o net/sunrpc/stats.o net/sunrpc/sysctl.o net/sunrpc/auth_gss/built-in.a
  CC      kernel/taskstats.o - due to: arch/arm64/include/generated/asm/sysreg-defs.h
  CC      net/nfc/llcp_core.o - due to: arch/arm64/include/generated/asm/sysreg-defs.h
  CC      fs/f2fs/checkpoint.o - due to: arch/arm64/include/generated/asm/sysreg-defs.h
  CC      fs/erofs/inode.o - due to: arch/arm64/include/generated/asm/sysreg-defs.h
  AR      fs/efivarfs/built-in.a - due to: fs/efivarfs/inode.o fs/efivarfs/file.o fs/efivarfs/super.o
  CC      kernel/tsacct.o - due to: arch/arm64/include/generated/asm/sysreg-defs.h
  AR      fs/pstore/built-in.a - due to: fs/pstore/inode.o fs/pstore/platform.o fs/pstore/pmsg.o fs/pstore/ram.o fs/pstore/ram_core.o
  CC      net/vmw_vsock/af_vsock.o - due to: arch/arm64/include/generated/asm/sysreg-defs.h
  CC      fs/erofs/data.o - due to: arch/arm64/include/generated/asm/sysreg-defs.h
  CC      net/vmw_vsock/af_vsock_tap.o - due to: arch/arm64/include/generated/asm/sysreg-defs.h
  CC      net/nfc/llcp_commands.o - due to: arch/arm64/include/generated/asm/sysreg-defs.h
  CC      net/nfc/llcp_sock.o - due to: arch/arm64/include/generated/asm/sysreg-defs.h
  CC      fs/f2fs/gc.o - due to: arch/arm64/include/generated/asm/sysreg-defs.h
  CC      net/nfc/nci/core.o - due to: arch/arm64/include/generated/asm/sysreg-defs.h
  CC      kernel/tracepoint.o - due to: arch/arm64/include/generated/asm/sysreg-defs.h
  CC      fs/erofs/namei.o - due to: arch/arm64/include/generated/asm/sysreg-defs.h
  CC      net/vmw_vsock/vsock_addr.o - due to: arch/arm64/include/generated/asm/sysreg-defs.h
  CC      fs/f2fs/data.o - due to: arch/arm64/include/generated/asm/sysreg-defs.h
  CC      fs/erofs/dir.o - due to: arch/arm64/include/generated/asm/sysreg-defs.h
  CC      net/switchdev/switchdev.o - due to: arch/arm64/include/generated/asm/sysreg-defs.h
  CC      net/nfc/nci/data.o - due to: arch/arm64/include/generated/asm/sysreg-defs.h
  CC      net/vmw_vsock/diag.o - due to: arch/arm64/include/generated/asm/sysreg-defs.h
  CC      net/l3mdev/l3mdev.o - due to: arch/arm64/include/generated/asm/sysreg-defs.h
  CC      fs/f2fs/node.o - due to: arch/arm64/include/generated/asm/sysreg-defs.h
  CC      net/nfc/nci/lib.o - due to: arch/arm64/include/generated/asm/sysreg-defs.h
  CC      fs/erofs/utils.o - due to: arch/arm64/include/generated/asm/sysreg-defs.h
  AR      net/switchdev/built-in.a - due to: net/switchdev/switchdev.o
  CC      fs/f2fs/segment.o - due to: arch/arm64/include/generated/asm/sysreg-defs.h
  CC      net/vmw_vsock/virtio_transport.o - due to: arch/arm64/include/generated/asm/sysreg-defs.h
  AR      net/l3mdev/built-in.a - due to: net/l3mdev/l3mdev.o
  CC      kernel/trace/trace_clock.o - due to: arch/arm64/include/generated/asm/sysreg-defs.h
  CC      net/vmw_vsock/virtio_transport_common.o - due to: arch/arm64/include/generated/asm/sysreg-defs.h
  CC      kernel/irq_work.o - due to: arch/arm64/include/generated/asm/sysreg-defs.h
  CC      fs/erofs/pcpubuf.o - due to: arch/arm64/include/generated/asm/sysreg-defs.h
  CC      net/nfc/nci/ntf.o - due to: arch/arm64/include/generated/asm/sysreg-defs.h
  CC      fs/f2fs/recovery.o - due to: arch/arm64/include/generated/asm/sysreg-defs.h
  CC      kernel/trace/ring_buffer.o - due to: arch/arm64/include/generated/asm/sysreg-defs.h
  CC      net/vmw_vsock/vsock_loopback.o - due to: arch/arm64/include/generated/asm/sysreg-defs.h
  CC      net/qrtr/af_qrtr.o - due to: arch/arm64/include/generated/asm/sysreg-defs.h
  CC      fs/erofs/xattr.o - due to: arch/arm64/include/generated/asm/sysreg-defs.h
  CC      net/nfc/nci/rsp.o - due to: arch/arm64/include/generated/asm/sysreg-defs.h
  CC      fs/f2fs/shrinker.o - due to: arch/arm64/include/generated/asm/sysreg-defs.h
  CC      net/xdp/xsk.o - due to: arch/arm64/include/generated/asm/sysreg-defs.h
  CC      kernel/trace/trace.o - due to: arch/arm64/include/generated/asm/sysreg-defs.h include/generated/utsrelease.h
  AR      net/vmw_vsock/built-in.a - due to: net/vmw_vsock/af_vsock.o net/vmw_vsock/af_vsock_tap.o net/vmw_vsock/vsock_addr.o net/vmw_vsock/diag.o net/vmw_vsock/virtio_transport.o net/vmw_vsock/virtio_transport_common.o net/vmw_vsock/vsock_loopback.o
  CC      net/qrtr/ns.o - due to: arch/arm64/include/generated/asm/sysreg-defs.h
  CC      kernel/cpu_pm.o - due to: arch/arm64/include/generated/asm/sysreg-defs.h
  CC      net/nfc/nci/hci.o - due to: arch/arm64/include/generated/asm/sysreg-defs.h
  CC      fs/erofs/decompressor.o - due to: arch/arm64/include/generated/asm/sysreg-defs.h
  CC      fs/f2fs/extent_cache.o - due to: arch/arm64/include/generated/asm/sysreg-defs.h
  CC      net/xdp/xdp_umem.o - due to: arch/arm64/include/generated/asm/sysreg-defs.h
  CC      net/qrtr/smd.o - due to: arch/arm64/include/generated/asm/sysreg-defs.h
  AR      net/nfc/nci/built-in.a - due to: net/nfc/nci/core.o net/nfc/nci/data.o net/nfc/nci/lib.o net/nfc/nci/ntf.o net/nfc/nci/rsp.o net/nfc/nci/hci.o
  AR      net/nfc/built-in.a - due to: net/nfc/core.o net/nfc/netlink.o net/nfc/af_nfc.o net/nfc/rawsock.o net/nfc/llcp_core.o net/nfc/llcp_commands.o net/nfc/llcp_sock.o net/nfc/nci/built-in.a
  CC      fs/erofs/zmap.o - due to: arch/arm64/include/generated/asm/sysreg-defs.h
  CC      kernel/trace/trace_output.o - due to: arch/arm64/include/generated/asm/sysreg-defs.h
  CC      fs/f2fs/sysfs.o - due to: arch/arm64/include/generated/asm/sysreg-defs.h
  CC      net/xdp/xsk_queue.o - due to: arch/arm64/include/generated/asm/sysreg-defs.h
  CC [M]  net/mac80211/main.o - due to: arch/arm64/include/generated/asm/sysreg-defs.h
  CC      net/qrtr/tun.o - due to: arch/arm64/include/generated/asm/sysreg-defs.h
  CC      fs/f2fs/debug.o - due to: arch/arm64/include/generated/asm/sysreg-defs.h
  CC      fs/erofs/zdata.o - due to: arch/arm64/include/generated/asm/sysreg-defs.h
  CC [M]  net/mac80211/status.o - due to: arch/arm64/include/generated/asm/sysreg-defs.h
  CC      net/xdp/xskmap.o - due to: arch/arm64/include/generated/asm/sysreg-defs.h
  CC      fs/f2fs/xattr.o - due to: arch/arm64/include/generated/asm/sysreg-defs.h
  AR      net/qrtr/built-in.a - due to: net/qrtr/af_qrtr.o net/qrtr/ns.o net/qrtr/smd.o net/qrtr/tun.o
  CC      kernel/trace/trace_seq.o - due to: arch/arm64/include/generated/asm/sysreg-defs.h
  AR      fs/erofs/built-in.a - due to: fs/erofs/super.o fs/erofs/inode.o fs/erofs/data.o fs/erofs/namei.o fs/erofs/dir.o fs/erofs/utils.o fs/erofs/pcpubuf.o fs/erofs/xattr.o fs/erofs/decompressor.o fs/erofs/zmap.o fs/erofs/zdata.o
  CC      net/xdp/xsk_buff_pool.o - due to: arch/arm64/include/generated/asm/sysreg-defs.h
  CC      kernel/trace/trace_stat.o - due to: arch/arm64/include/generated/asm/sysreg-defs.h
  CC [M]  net/mac80211/driver-ops.o - due to: arch/arm64/include/generated/asm/sysreg-defs.h
  CC      fs/f2fs/acl.o - due to: arch/arm64/include/generated/asm/sysreg-defs.h
  CC      kernel/scs.o - due to: arch/arm64/include/generated/asm/sysreg-defs.h
  AR      net/xdp/built-in.a - due to: net/xdp/xsk.o net/xdp/xdp_umem.o net/xdp/xsk_queue.o net/xdp/xskmap.o net/xdp/xsk_buff_pool.o
  CC      fs/f2fs/verity.o - due to: arch/arm64/include/generated/asm/sysreg-defs.h
  CC [M]  net/mac80211/sta_info.o - due to: arch/arm64/include/generated/asm/sysreg-defs.h
  CC [M]  net/mac80211/wep.o - due to: arch/arm64/include/generated/asm/sysreg-defs.h
  CC      kernel/cfi.o - due to: arch/arm64/include/generated/asm/sysreg-defs.h
  AR      net/built-in.a - due to: net/devres.o net/socket.o net/core/built-in.a net/compat.o net/llc/built-in.a net/ethernet/built-in.a net/802/built-in.a net/sched/built-in.a net/netlink/built-in.a net/bpf/built-in.a net/ethtool/built-in.a net/netfilter/built-in.a net/ipv4/built-in.a net/xfrm/built-in.a net/unix/built-in.a net/ipv6/built-in.a net/packet/built-in.a net/key/built-in.a net/bridge/built-in.a net/dsa/built-in.a net/can/built-in.a net/bluetooth/built-in.a net/sunrpc/built-in.a net/l2tp/built-in.a net/8021q/built-in.a net/wireless/built-in.a net/rfkill/built-in.a net/9p/built-in.a net/sysctl_net.o net/dns_resolver/built-in.a net/nfc/built-in.a net/vmw_vsock/built-in.a net/switchdev/built-in.a net/l3mdev/built-in.a net/qrtr/built-in.a net/xdp/built-in.a
  CC      fs/f2fs/compress.o - due to: arch/arm64/include/generated/asm/sysreg-defs.h
  CC      kernel/trace/trace_printk.o - due to: arch/arm64/include/generated/asm/sysreg-defs.h
  CC [M]  net/mac80211/aead_api.o - due to: arch/arm64/include/generated/asm/sysreg-defs.h
  CC      kernel/crash_dump.o - due to: arch/arm64/include/generated/asm/sysreg-defs.h
  CC      kernel/events/core.o - due to: arch/arm64/include/generated/asm/sysreg-defs.h
  CC      kernel/bpf/core.o - due to: arch/arm64/include/generated/asm/sysreg-defs.h
  AR      fs/f2fs/built-in.a - due to: fs/f2fs/dir.o fs/f2fs/file.o fs/f2fs/inode.o fs/f2fs/namei.o fs/f2fs/hash.o fs/f2fs/super.o fs/f2fs/inline.o fs/f2fs/checkpoint.o fs/f2fs/gc.o fs/f2fs/data.o fs/f2fs/node.o fs/f2fs/segment.o fs/f2fs/recovery.o fs/f2fs/shrinker.o fs/f2fs/extent_cache.o fs/f2fs/sysfs.o fs/f2fs/debug.o fs/f2fs/xattr.o fs/f2fs/acl.o fs/f2fs/verity.o fs/f2fs/compress.o
  AR      fs/built-in.a - due to: fs/open.o fs/read_write.o fs/file_table.o fs/super.o fs/char_dev.o fs/stat.o fs/exec.o fs/pipe.o fs/namei.o fs/fcntl.o fs/ioctl.o fs/readdir.o fs/select.o fs/dcache.o fs/inode.o fs/attr.o fs/bad_inode.o fs/file.o fs/filesystems.o fs/namespace.o fs/seq_file.o fs/xattr.o fs/libfs.o fs/fs-writeback.o fs/pnode.o fs/splice.o fs/sync.o fs/utimes.o fs/d_path.o fs/stack.o fs/fs_struct.o fs/statfs.o fs/fs_pin.o fs/nsfs.o fs/fs_types.o fs/fs_context.o fs/fs_parser.o fs/fsopen.o fs/init.o fs/kernel_read_file.o fs/remap_range.o fs/buffer.o fs/block_dev.o fs/direct-io.o fs/mpage.o fs/proc_namespace.o fs/notify/built-in.a fs/eventpoll.o fs/anon_inodes.o fs/signalfd.o fs/timerfd.o fs/eventfd.o fs/userfaultfd.o fs/aio.o fs/crypto/built-in.a fs/verity/built-in.a fs/locks.o fs/binfmt_script.o fs/binfmt_elf.o fs/compat_binfmt_elf.o fs/mbcache.o fs/posix_acl.o fs/nfs_common/built-in.a fs/coredump.o fs/drop_caches.o fs/fhandle.o fs/iomap/built-in.a fs/quota/built-in.a fs/proc/built-in.a fs/kernfs/built-in.a fs/sysfs/built-in.a fs/configfs/built-in.a fs/devpts/built-in.a fs/dcookies.o fs/ext4/built-in.a fs/jbd2/built-in.a fs/squashfs/built-in.a fs/ramfs/built-in.a fs/fat/built-in.a fs/exfat/built-in.a fs/nfs/built-in.a fs/exportfs/built-in.a fs/lockd/built-in.a fs/nls/built-in.a fs/ksmbd/built-in.a fs/ntfs3/built-in.a fs/autofs/built-in.a fs/fuse/built-in.a fs/overlayfs/built-in.a fs/incfs/built-in.a fs/9p/built-in.a fs/netfs/built-in.a fs/debugfs/built-in.a fs/tracefs/built-in.a fs/f2fs/built-in.a fs/pstore/built-in.a fs/efivarfs/built-in.a fs/erofs/built-in.a
  CC [M]  net/mac80211/wpa.o - due to: arch/arm64/include/generated/asm/sysreg-defs.h
  CC      kernel/jump_label.o - due to: arch/arm64/include/generated/asm/sysreg-defs.h
  CC      kernel/bpf/syscall.o - due to: arch/arm64/include/generated/asm/sysreg-defs.h
  CC      kernel/events/ring_buffer.o - due to: arch/arm64/include/generated/asm/sysreg-defs.h
  CC      kernel/iomem.o - due to: arch/arm64/include/generated/asm/sysreg-defs.h
  CC      kernel/trace/tracing_map.o - due to: arch/arm64/include/generated/asm/sysreg-defs.h
  CC [M]  net/mac80211/scan.o - due to: arch/arm64/include/generated/asm/sysreg-defs.h
  CC      kernel/events/callchain.o - due to: arch/arm64/include/generated/asm/sysreg-defs.h
  CC      kernel/bpf/verifier.o - due to: arch/arm64/include/generated/asm/sysreg-defs.h
  CC      kernel/trace/trace_sched_switch.o - due to: arch/arm64/include/generated/asm/sysreg-defs.h
  CC      kernel/bpf/inode.o - due to: arch/arm64/include/generated/asm/sysreg-defs.h
  CC [M]  net/mac80211/offchannel.o - due to: arch/arm64/include/generated/asm/sysreg-defs.h
  CC [M]  net/mac80211/ht.o - due to: arch/arm64/include/generated/asm/sysreg-defs.h
  CC      kernel/events/hw_breakpoint.o - due to: arch/arm64/include/generated/asm/sysreg-defs.h
  CC      kernel/trace/trace_nop.o - due to: arch/arm64/include/generated/asm/sysreg-defs.h
  CC [M]  net/mac80211/agg-tx.o - due to: arch/arm64/include/generated/asm/sysreg-defs.h
  CC      kernel/bpf/helpers.o - due to: arch/arm64/include/generated/asm/sysreg-defs.h
  CC      kernel/events/uprobes.o - due to: arch/arm64/include/generated/asm/sysreg-defs.h
  CC      kernel/trace/blktrace.o - due to: arch/arm64/include/generated/asm/sysreg-defs.h
  CC      kernel/rseq.o - due to: arch/arm64/include/generated/asm/sysreg-defs.h
  CC [M]  net/mac80211/agg-rx.o - due to: arch/arm64/include/generated/asm/sysreg-defs.h
  CC      kernel/trace/trace_events.o - due to: arch/arm64/include/generated/asm/sysreg-defs.h
  CC      kernel/bpf/bpf_iter.o - due to: arch/arm64/include/generated/asm/sysreg-defs.h
  CC [M]  net/mac80211/vht.o - due to: arch/arm64/include/generated/asm/sysreg-defs.h
  AR      kernel/events/built-in.a - due to: kernel/events/core.o kernel/events/ring_buffer.o kernel/events/callchain.o kernel/events/hw_breakpoint.o kernel/events/uprobes.o
  CC [M]  net/mac80211/he.o - due to: arch/arm64/include/generated/asm/sysreg-defs.h
  CC      kernel/bpf/map_iter.o - due to: arch/arm64/include/generated/asm/sysreg-defs.h
  CC [M]  net/mac80211/s1g.o - due to: arch/arm64/include/generated/asm/sysreg-defs.h
  CC      kernel/bpf/task_iter.o - due to: arch/arm64/include/generated/asm/sysreg-defs.h
  CC [M]  net/mac80211/ibss.o - due to: arch/arm64/include/generated/asm/sysreg-defs.h
  CC      kernel/trace/trace_export.o - due to: arch/arm64/include/generated/asm/sysreg-defs.h
  CC [M]  net/mac80211/iface.o - due to: arch/arm64/include/generated/asm/sysreg-defs.h
  CC      kernel/configs.o - due to: arch/arm64/include/generated/asm/sysreg-defs.h
  CC      kernel/trace/trace_event_perf.o - due to: arch/arm64/include/generated/asm/sysreg-defs.h
  CC      kernel/bpf/prog_iter.o - due to: arch/arm64/include/generated/asm/sysreg-defs.h
  CC      kernel/bpf/hashtab.o - due to: arch/arm64/include/generated/asm/sysreg-defs.h
  CC [M]  net/mac80211/rate.o - due to: arch/arm64/include/generated/asm/sysreg-defs.h
  CC [M]  net/mac80211/michael.o - due to: arch/arm64/include/generated/asm/sysreg-defs.h
  CC      kernel/bpf/arraymap.o - due to: arch/arm64/include/generated/asm/sysreg-defs.h
  CC      kernel/trace/trace_events_filter.o - due to: arch/arm64/include/generated/asm/sysreg-defs.h
  CC [M]  net/mac80211/tkip.o - due to: arch/arm64/include/generated/asm/sysreg-defs.h
  CC      kernel/trace/trace_events_trigger.o - due to: arch/arm64/include/generated/asm/sysreg-defs.h
  CC      kernel/bpf/percpu_freelist.o - due to: arch/arm64/include/generated/asm/sysreg-defs.h
  CC      kernel/trace/trace_events_synth.o - due to: arch/arm64/include/generated/asm/sysreg-defs.h
  CC      kernel/trace/trace_events_hist.o - due to: arch/arm64/include/generated/asm/sysreg-defs.h
  CC      kernel/bpf/bpf_lru_list.o - due to: arch/arm64/include/generated/asm/sysreg-defs.h
  CC [M]  net/mac80211/aes_cmac.o - due to: arch/arm64/include/generated/asm/sysreg-defs.h
  CC [M]  net/mac80211/aes_gmac.o - due to: arch/arm64/include/generated/asm/sysreg-defs.h
  CC      kernel/trace/bpf_trace.o - due to: arch/arm64/include/generated/asm/sysreg-defs.h
  CC [M]  net/mac80211/fils_aead.o - due to: arch/arm64/include/generated/asm/sysreg-defs.h
  CC      kernel/bpf/lpm_trie.o - due to: arch/arm64/include/generated/asm/sysreg-defs.h
  CC [M]  net/mac80211/cfg.o - due to: arch/arm64/include/generated/asm/sysreg-defs.h
  CC      kernel/trace/trace_kprobe.o - due to: arch/arm64/include/generated/asm/sysreg-defs.h
  CC      kernel/bpf/map_in_map.o - due to: arch/arm64/include/generated/asm/sysreg-defs.h
  CC      kernel/trace/error_report-traces.o - due to: arch/arm64/include/generated/asm/sysreg-defs.h
  CC      kernel/bpf/local_storage.o - due to: arch/arm64/include/generated/asm/sysreg-defs.h
  CC      kernel/trace/power-traces.o - due to: arch/arm64/include/generated/asm/sysreg-defs.h
  CC [M]  net/mac80211/ethtool.o - due to: arch/arm64/include/generated/asm/sysreg-defs.h
  CC      kernel/bpf/queue_stack_maps.o - due to: arch/arm64/include/generated/asm/sysreg-defs.h
  CC [M]  net/mac80211/rx.o - due to: arch/arm64/include/generated/asm/sysreg-defs.h
  CC      kernel/bpf/ringbuf.o - due to: arch/arm64/include/generated/asm/sysreg-defs.h
  CC [M]  net/mac80211/spectmgmt.o - due to: arch/arm64/include/generated/asm/sysreg-defs.h
  CC      kernel/trace/rpm-traces.o - due to: arch/arm64/include/generated/asm/sysreg-defs.h
  CC      kernel/bpf/disasm.o - due to: arch/arm64/include/generated/asm/sysreg-defs.h
  CC      kernel/trace/trace_dynevent.o - due to: arch/arm64/include/generated/asm/sysreg-defs.h
  CC [M]  net/mac80211/tx.o - due to: arch/arm64/include/generated/asm/sysreg-defs.h
  CC      kernel/bpf/trampoline.o - due to: arch/arm64/include/generated/asm/sysreg-defs.h
  CC      kernel/bpf/btf.o - due to: arch/arm64/include/generated/asm/sysreg-defs.h
  CC      kernel/trace/trace_probe.o - due to: arch/arm64/include/generated/asm/sysreg-defs.h
  CC      kernel/bpf/dispatcher.o - due to: arch/arm64/include/generated/asm/sysreg-defs.h
  CC [M]  net/mac80211/key.o - due to: arch/arm64/include/generated/asm/sysreg-defs.h
  CC      kernel/trace/trace_uprobe.o - due to: arch/arm64/include/generated/asm/sysreg-defs.h
  CC      kernel/trace/trace_readwrite.o - due to: arch/arm64/include/generated/asm/sysreg-defs.h
  CC [M]  net/mac80211/util.o - due to: arch/arm64/include/generated/asm/sysreg-defs.h
  CC      kernel/bpf/devmap.o - due to: arch/arm64/include/generated/asm/sysreg-defs.h
  CC      kernel/bpf/cpumap.o - due to: arch/arm64/include/generated/asm/sysreg-defs.h
  CC [M]  net/mac80211/wme.o - due to: arch/arm64/include/generated/asm/sysreg-defs.h
  CC      kernel/bpf/bpf_local_storage.o - due to: arch/arm64/include/generated/asm/sysreg-defs.h
  CC [M]  net/mac80211/chan.o - due to: arch/arm64/include/generated/asm/sysreg-defs.h
  AR      kernel/trace/built-in.a - due to: kernel/trace/trace_clock.o kernel/trace/ring_buffer.o kernel/trace/trace.o kernel/trace/trace_output.o kernel/trace/trace_seq.o kernel/trace/trace_stat.o kernel/trace/trace_printk.o kernel/trace/tracing_map.o kernel/trace/trace_sched_switch.o kernel/trace/trace_nop.o kernel/trace/blktrace.o kernel/trace/trace_events.o kernel/trace/trace_export.o kernel/trace/trace_event_perf.o kernel/trace/trace_events_filter.o kernel/trace/trace_events_trigger.o kernel/trace/trace_events_synth.o kernel/trace/trace_events_hist.o kernel/trace/bpf_trace.o kernel/trace/trace_kprobe.o kernel/trace/error_report-traces.o kernel/trace/power-traces.o kernel/trace/rpm-traces.o kernel/trace/trace_dynevent.o kernel/trace/trace_probe.o kernel/trace/trace_uprobe.o kernel/trace/trace_readwrite.o
  CC      kernel/bpf/offload.o - due to: arch/arm64/include/generated/asm/sysreg-defs.h
  CC [M]  net/mac80211/trace.o - due to: arch/arm64/include/generated/asm/sysreg-defs.h
  CC [M]  net/mac80211/mlme.o - due to: arch/arm64/include/generated/asm/sysreg-defs.h
  CC      kernel/bpf/net_namespace.o - due to: arch/arm64/include/generated/asm/sysreg-defs.h
  CC [M]  net/mac80211/tdls.o - due to: arch/arm64/include/generated/asm/sysreg-defs.h
  CC      kernel/bpf/stackmap.o - due to: arch/arm64/include/generated/asm/sysreg-defs.h
  CC [M]  net/mac80211/ocb.o - due to: arch/arm64/include/generated/asm/sysreg-defs.h
  CC      kernel/bpf/cgroup.o - due to: arch/arm64/include/generated/asm/sysreg-defs.h
  CC [M]  net/mac80211/airtime.o - due to: arch/arm64/include/generated/asm/sysreg-defs.h
  CC      kernel/bpf/reuseport_array.o - due to: arch/arm64/include/generated/asm/sysreg-defs.h
  CC [M]  net/mac80211/led.o - due to: arch/arm64/include/generated/asm/sysreg-defs.h
  CC      kernel/bpf/bpf_struct_ops.o - due to: arch/arm64/include/generated/asm/sysreg-defs.h
  CC [M]  net/mac80211/pm.o - due to: arch/arm64/include/generated/asm/sysreg-defs.h
  CC [M]  net/mac80211/rc80211_minstrel.o - due to: arch/arm64/include/generated/asm/sysreg-defs.h
  CC [M]  net/mac80211/rc80211_minstrel_ht.o - due to: arch/arm64/include/generated/asm/sysreg-defs.h
  AR      kernel/bpf/built-in.a - due to: kernel/bpf/core.o kernel/bpf/syscall.o kernel/bpf/verifier.o kernel/bpf/inode.o kernel/bpf/helpers.o kernel/bpf/bpf_iter.o kernel/bpf/map_iter.o kernel/bpf/task_iter.o kernel/bpf/prog_iter.o kernel/bpf/hashtab.o kernel/bpf/arraymap.o kernel/bpf/percpu_freelist.o kernel/bpf/bpf_lru_list.o kernel/bpf/lpm_trie.o kernel/bpf/map_in_map.o kernel/bpf/local_storage.o kernel/bpf/queue_stack_maps.o kernel/bpf/ringbuf.o kernel/bpf/disasm.o kernel/bpf/trampoline.o kernel/bpf/btf.o kernel/bpf/dispatcher.o kernel/bpf/devmap.o kernel/bpf/cpumap.o kernel/bpf/bpf_local_storage.o kernel/bpf/offload.o kernel/bpf/net_namespace.o kernel/bpf/stackmap.o kernel/bpf/cgroup.o kernel/bpf/reuseport_array.o kernel/bpf/bpf_struct_ops.o
  AR [M]  net/mac80211/mac80211.o - due to: net/mac80211/main.o net/mac80211/status.o net/mac80211/driver-ops.o net/mac80211/sta_info.o net/mac80211/wep.o net/mac80211/aead_api.o net/mac80211/wpa.o net/mac80211/scan.o net/mac80211/offchannel.o net/mac80211/ht.o net/mac80211/agg-tx.o net/mac80211/agg-rx.o net/mac80211/vht.o net/mac80211/he.o net/mac80211/s1g.o net/mac80211/ibss.o net/mac80211/iface.o net/mac80211/rate.o net/mac80211/michael.o net/mac80211/tkip.o net/mac80211/aes_cmac.o net/mac80211/aes_gmac.o net/mac80211/fils_aead.o net/mac80211/cfg.o net/mac80211/ethtool.o net/mac80211/rx.o net/mac80211/spectmgmt.o net/mac80211/tx.o net/mac80211/key.o net/mac80211/util.o net/mac80211/wme.o net/mac80211/chan.o net/mac80211/trace.o net/mac80211/mlme.o net/mac80211/tdls.o net/mac80211/ocb.o net/mac80211/airtime.o net/mac80211/led.o net/mac80211/pm.o net/mac80211/rc80211_minstrel.o net/mac80211/rc80211_minstrel_ht.o
  CC      kernel/kheaders.o - due to: kernel/kheaders_data.tar.xz arch/arm64/include/generated/asm/sysreg-defs.h
  AR      kernel/built-in.a - due to: kernel/fork.o kernel/exec_domain.o kernel/panic.o kernel/cpu.o kernel/exit.o kernel/softirq.o kernel/resource.o kernel/sysctl.o kernel/capability.o kernel/ptrace.o kernel/user.o kernel/signal.o kernel/sys.o kernel/umh.o kernel/workqueue.o kernel/pid.o kernel/task_work.o kernel/extable.o kernel/params.o kernel/kthread.o kernel/sys_ni.o kernel/nsproxy.o kernel/notifier.o kernel/ksysfs.o kernel/cred.o kernel/reboot.o kernel/async.o kernel/smpboot.o kernel/ucount.o kernel/regset.o kernel/kmod.o kernel/groups.o kernel/sched/built-in.a kernel/locking/built-in.a kernel/power/built-in.a kernel/printk/built-in.a kernel/irq/built-in.a kernel/rcu/built-in.a kernel/dma/built-in.a kernel/entry/built-in.a kernel/kcmp.o kernel/freezer.o kernel/profile.o kernel/stacktrace.o kernel/time/built-in.a kernel/futex/built-in.a kernel/smp.o kernel/uid16.o kernel/module.o kernel/kallsyms.o kernel/acct.o kernel/crash_core.o kernel/kexec_core.o kernel/kexec.o kernel/kexec_file.o kernel/compat.o kernel/cgroup/built-in.a kernel/utsname.o kernel/user_namespace.o kernel/pid_namespace.o kernel/configs.o kernel/kheaders.o kernel/stop_machine.o kernel/audit.o kernel/auditfilter.o kernel/auditsc.o kernel/audit_watch.o kernel/audit_fsnotify.o kernel/audit_tree.o kernel/kprobes.o kernel/hung_task.o kernel/watchdog.o kernel/seccomp.o kernel/utsname_sysctl.o kernel/delayacct.o kernel/taskstats.o kernel/tsacct.o kernel/tracepoint.o kernel/trace/built-in.a kernel/irq_work.o kernel/cpu_pm.o kernel/bpf/built-in.a kernel/scs.o kernel/cfi.o kernel/events/built-in.a kernel/crash_dump.o kernel/jump_label.o kernel/iomem.o kernel/rseq.o
make[1]: se sale del directorio '/home/rebelpilot89/manaus-kernel/out'
make: *** [Makefile:185: __sub-make] Error 2
